consent_id,beneficiary_id,consent_type,status,captured_at,captured_by,status_updated_at
CON-000435,BEN-0109,Data Processing (KDPA Sec. 25),active,2024-08-03 00:00:00,OFF-006,
CON-000305,BEN-0077,Photography & Media,active,2024-07-21 00:00:00,OFF-003,
CON-000324,BEN-0081,Automated SMS/WhatsApp Communications,active,2024-08-29 00:00:00,OFF-005,
CON-000615,BEN-0154,Data Processing (KDPA Sec. 25),active,2024-08-05 00:00:00,OFF-005,
CON-000547,BEN-0137,Data Processing (KDPA Sec. 25),active,2024-09-22 00:00:00,OFF-002,
CON-000493,BEN-0124,Photography & Media,active,2024-09-10 00:00:00,OFF-012,
CON-000070,BEN-0018,Third-Party Donor Reporting,active,2024-12-24 00:00:00,OFF-008,
CON-000222,BEN-0056,Third-Party Donor Reporting,withdrawn,2024-06-14 00:00:00,OFF-005,2024-09-08 00:00:00
CON-000258,BEN-0065,Third-Party Donor Reporting,pending,14/09/2024,OFF-002,
CON-000247,BEN-0062,Data Processing (KDPA Sec. 25),active,2024-07-07 00:00:00,OFF-014,
CON-000308,BEN-0077,Automated SMS/WhatsApp Communications,active,2024-07-26 00:00:00,OFF-003,
CON-000603,BEN-0151,Data Processing (KDPA Sec. 25),active,2024-11-25 00:00:00,OFF-013,
CON-000298,BEN-0075,Third-Party Donor Reporting,active,2024-12-22 00:00:00,OFF-012,
CON-000713,BEN-0179,Photography & Media,active,2024-11-20 00:00:00,OFF-001,
CON-000679,BEN-0170,Data Processing (KDPA Sec. 25),pending,2024-06-28 00:00:00,OFF-006,
CON-000378,BEN-0095,Third-Party Donor Reporting,active,2024-10-16 00:00:00,OFF-011,
CON-000127,BEN-0032,Data Processing (KDPA Sec. 25),active,2024-07-16 00:00:00,OFF-005,
CON-000631,BEN-0158,Data Processing (KDPA Sec. 25),active,2024-06-19 00:00:00,OFF-014,
CON-000498,BEN-0125,Third-Party Donor Reporting,active,2024-12-08 00:00:00,OFF-014,
CON-000728,BEN-0182,Automated SMS/WhatsApp Communications,active,2024-11-21 00:00:00,OFF-004,
CON-000438,BEN-0110,Third-Party Donor Reporting,active,2024-08-30 00:00:00,OFF-005,
CON-000173,BEN-0044,Photography & Media,active,2025-01-06 00:00:00,OFF-012,
CON-000146,BEN-0037,Third-Party Donor Reporting,active,2024-12-29 00:00:00,OFF-007,
CON-000232,BEN-0058,Automated SMS/WhatsApp Communications,pending,2024-11-26 00:00:00,OFF-015,
CON-000407,BEN-0102,Data Processing (KDPA Sec. 25),withdrawn,2024-07-24 00:00:00,OFF-013,2024-10-21 00:00:00
CON-000352,BEN-0088,Automated SMS/WhatsApp Communications,active,2024-06-30 00:00:00,OFF-002,
CON-000718,BEN-0180,Third-Party Donor Reporting,active,2024-11-04 00:00:00,OFF-010,
CON-000183,BEN-0046,Data Processing (KDPA Sec. 25),active,2024-07-15 00:00:00,OFF-012,
CON-000423,BEN-0106,Data Processing (KDPA Sec. 25),active,2024-10-13 00:00:00,OFF-007,
CON-000229,BEN-0058,Photography & Media,active,2024-11-23 00:00:00,OFF-015,
CON-000251,BEN-0063,Data Processing (KDPA Sec. 25),active,2024-09-15 00:00:00,OFF-007,
CON-000418,BEN-0105,Third-Party Donor Reporting,active,2024-07-24 00:00:00,OFF-012,
CON-000098,BEN-0025,Third-Party Donor Reporting,active,2024-12-06 00:00:00,OFF-009,
CON-000244,BEN-0061,Automated SMS/WhatsApp Communications,active,2024-11-01 00:00:00,OFF-008,
CON-000635,BEN-0159,Data Processing (KDPA Sec. 25),active,2024-09-04 00:00:00,OFF-009,
CON-000365,BEN-0092,Photography & Media,active,2024-07-26 00:00:00,OFF-008,
CON-000534,BEN-0134,Third-Party Donor Reporting,active,2025-01-06 00:00:00,OFF-003,
CON-000486,BEN-0122,Third-Party Donor Reporting,active,2024-09-04 00:00:00,OFF-005,
CON-000456,BEN-0114,Automated SMS/WhatsApp Communications,active,2024-09-09 00:00:00,OFF-006,
CON-000445,BEN-0112,Photography & Media,active,2024-10-18 00:00:00,OFF-007,
CON-000226,BEN-0057,Third-Party Donor Reporting,expired,2024-10-07 00:00:00,OFF-012,2025-04-06 00:00:00
CON-000745,BEN-0187,Photography & Media,active,2024-10-01 00:00:00,OFF-010,
CON-000249,BEN-0063,Photography & Media,withdrawn,2024-09-18 00:00:00,OFF-007,2024-10-21 00:00:00
CON-000330,BEN-0083,Third-Party Donor Reporting,active,2024-09-04 00:00:00,OFF-001,
CON-000114,BEN-0029,Third-Party Donor Reporting,expired,2024-12-05 00:00:00,OFF-006,2025-03-09 00:00:00
CON-000200,BEN-0050,Automated SMS/WhatsApp Communications,active,2024-09-04 00:00:00,OFF-009,
CON-000546,BEN-0137,Third-Party Donor Reporting,active,25/09/2024,OFF-002,
CON-000540,BEN-0135,Automated SMS/WhatsApp Communications,withdrawn,2024-12-09 00:00:00,OFF-007,2025-06-21 00:00:00
CON-000313,BEN-0079,Photography & Media,active,2024-12-21 00:00:00,OFF-002,
CON-000608,BEN-0152,Automated SMS/WhatsApp Communications,active,2024-08-23 00:00:00,OFF-007,
CON-000693,BEN-0174,Photography & Media,active,17/06/2024,OFF-002,
CON-000789,BEN-0198,Photography & Media,active,2024-10-16 00:00:00,OFF-011,
CON-000677,BEN-0170,Photography & Media,active,2024-06-27 00:00:00,OFF-006,
CON-000756,BEN-0189,Automated SMS/WhatsApp Communications,active,2024-07-18 00:00:00,OFF-002,
CON-000387,BEN-0097,Data Processing (KDPA Sec. 25),active,2024-07-17 00:00:00,OFF-010,
CON-000055,BEN-0014,Data Processing (KDPA Sec. 25),pending,2024-10-12 00:00:00,OFF-013,
CON-000158,BEN-0040,Third-Party Donor Reporting,active,2024-10-08 00:00:00,OFF-014,
CON-000442,BEN-0111,Third-Party Donor Reporting,expired,2025-01-03 00:00:00,OFF-002,2025-07-03 00:00:00
CON-000630,BEN-0158,Third-Party Donor Reporting,active,2024-06-22 00:00:00,OFF-014,
CON-000729,BEN-0183,Photography & Media,active,2024-12-12 00:00:00,OFF-014,
CON-000721,BEN-0181,Photography & Media,withdrawn,2024-06-18 00:00:00,OFF-013,2024-10-12 00:00:00
CON-000117,BEN-0030,Photography & Media,active,2024-08-30 00:00:00,OFF-011,
CON-000133,BEN-0034,Photography & Media,active,,OFF-009,
CON-000502,BEN-0126,Third-Party Donor Reporting,active,2024-12-19 00:00:00,OFF-013,
CON-000764,BEN-0191,Automated SMS/WhatsApp Communications,active,2024-09-24 00:00:00,OFF-012,
CON-000594,BEN-0149,Third-Party Donor Reporting,active,2024-08-29 00:00:00,OFF-005,
CON-000239,BEN-0060,Data Processing (KDPA Sec. 25),active,2024-08-23 00:00:00,OFF-012,
CON-000473,BEN-0119,Photography & Media,active,2024-08-28 00:00:00,OFF-010,
CON-000181,BEN-0046,Photography & Media,active,2024-07-15 00:00:00,OFF-012,
CON-000646,BEN-0162,Third-Party Donor Reporting,active,2024-11-19 00:00:00,OFF-011,
CON-000724,BEN-0181,Automated SMS/WhatsApp Communications,active,2024-06-21 00:00:00,OFF-013,
CON-000443,BEN-0111,Data Processing (KDPA Sec. 25),active,2025-01-09 00:00:00,OFF-002,
CON-000384,BEN-0096,Automated SMS/WhatsApp Communications,active,2024-07-23 00:00:00,OFF-005,
CON-000153,BEN-0039,Photography & Media,active,2024-08-31 00:00:00,OFF-006,
CON-000124,BEN-0031,Automated SMS/WhatsApp Communications,active,15/06/2024,OFF-008,
CON-000711,BEN-0178,Data Processing (KDPA Sec. 25),active,2024-11-25 00:00:00,OFF-005,
CON-000563,BEN-0141,Data Processing (KDPA Sec. 25),active,2024-12-15 00:00:00,OFF-010,
CON-000478,BEN-0120,Third-Party Donor Reporting,active,2024-12-25 00:00:00,OFF-015,
CON-000302,BEN-0076,Third-Party Donor Reporting,active,2024-09-28 00:00:00,OFF-015,
CON-000094,BEN-0024,Third-Party Donor Reporting,active,2024-09-11 00:00:00,OFF-014,
CON-000101,BEN-0026,Photography & Media,active,2025-01-03 00:00:00,OFF-007,
CON-000583,BEN-0146,Data Processing (KDPA Sec. 25),active,2024-07-15 00:00:00,OFF-015,
CON-000137,BEN-0035,Photography & Media,active,2024-08-01 00:00:00,OFF-008,
CON-000297,BEN-0075,Photography & Media,active,2024-12-14 00:00:00,OFF-012,
CON-000138,BEN-0035,Third-Party Donor Reporting,pending,2024-08-07 00:00:00,OFF-008,
CON-000079,BEN-0020,Data Processing (KDPA Sec. 25),active,2024-08-20 00:00:00,OFF-002,
CON-000100,BEN-0025,Automated SMS/WhatsApp Communications,active,2024-12-03 00:00:00,OFF-009,
CON-000103,BEN-0026,Data Processing (KDPA Sec. 25),active,2025-01-01 00:00:00,OFF-007,
CON-000669,BEN-0168,Photography & Media,active,2024-07-18 00:00:00,OFF-013,
CON-000539,BEN-0135,Data Processing (KDPA Sec. 25),expired,2024-12-20 00:00:00,OFF-007,2025-05-14 00:00:00
CON-000414,BEN-0104,Third-Party Donor Reporting,expired,11/11/2024,OFF-007,2025-05-22 00:00:00
CON-000188,BEN-0047,Automated SMS/WhatsApp Communications,active,2024-10-26 00:00:00,OFF-008,
CON-000254,BEN-0064,Third-Party Donor Reporting,active,2024-08-25 00:00:00,OFF-001,
CON-000763,BEN-0191,Data Processing (KDPA Sec. 25),expired,2024-09-16 00:00:00,OFF-012,2025-01-10 00:00:00
CON-000577,BEN-0145,Photography & Media,expired,2024-08-18 00:00:00,OFF-001,2025-01-23 00:00:00
CON-000427,BEN-0107,Data Processing (KDPA Sec. 25),pending,2025-01-06 00:00:00,OFF-002,
CON-000012,BEN-0003,Automated SMS/WhatsApp Communications,active,2024-08-02 00:00:00,OFF-005,
CON-000294,BEN-0074,Third-Party Donor Reporting,active,2024-10-22 00:00:00,OFF-010,
CON-000489,BEN-0123,Photography & Media,active,2024-10-27 00:00:00,OFF-012,
CON-000638,BEN-0160,Third-Party Donor Reporting,active,2024-09-09 00:00:00,OFF-014,
CON-000560,BEN-0140,Automated SMS/WhatsApp Communications,active,2024-10-30 00:00:00,OFF-015,
CON-000692,BEN-0173,Automated SMS/WhatsApp Communications,active,2024-08-17 00:00:00,OFF-003,
CON-000567,BEN-0142,Data Processing (KDPA Sec. 25),withdrawn,2024-07-25 00:00:00,OFF-007,2024-12-24 00:00:00
CON-000326,BEN-0082,Third-Party Donor Reporting,active,2024-08-15 00:00:00,OFF-014,
CON-000458,BEN-0115,Third-Party Donor Reporting,active,2024-10-09 00:00:00,OFF-004,
CON-000782,BEN-0196,Third-Party Donor Reporting,active,2024-07-19 00:00:00,OFF-004,
CON-000201,BEN-0051,Photography & Media,active,2024-12-28 00:00:00,OFF-010,
CON-000757,BEN-0190,Photography & Media,active,2024-12-02 00:00:00,OFF-004,
CON-000761,BEN-0191,Photography & Media,active,2024-09-15 00:00:00,OFF-012,
CON-000511,BEN-0128,Data Processing (KDPA Sec. 25),active,2024-07-12 00:00:00,OFF-003,
CON-000278,BEN-0070,Third-Party Donor Reporting,active,2024-07-26 00:00:00,OFF-008,
CON-000286,BEN-0072,Third-Party Donor Reporting,active,2024-07-22 00:00:00,OFF-001,
CON-000565,BEN-0142,Photography & Media,pending,2024-07-14 00:00:00,OFF-007,
CON-000292,BEN-0073,Automated SMS/WhatsApp Communications,active,2024-10-24 00:00:00,OFF-015,
CON-000738,BEN-0185,Third-Party Donor Reporting,active,2024-12-04 00:00:00,OFF-013,
CON-000344,BEN-0086,Automated SMS/WhatsApp Communications,active,2024-12-05 00:00:00,OFF-004,
CON-000462,BEN-0116,Third-Party Donor Reporting,active,2024-12-17 00:00:00,OFF-002,
CON-000460,BEN-0115,Automated SMS/WhatsApp Communications,expired,2024-10-11 00:00:00,OFF-004,2024-12-17 00:00:00
CON-000779,BEN-0195,Data Processing (KDPA Sec. 25),active,2024-07-25 00:00:00,OFF-002,
CON-000645,BEN-0162,Photography & Media,active,2024-11-17 00:00:00,OFF-011,
CON-000697,BEN-0175,Photography & Media,expired,2024-08-15 00:00:00,OFF-002,2025-02-28 00:00:00
CON-000220,BEN-0055,Automated SMS/WhatsApp Communications,active,2024-11-10 00:00:00,OFF-015,
CON-000501,BEN-0126,Photography & Media,active,2024-12-18 00:00:00,OFF-013,
CON-000430,BEN-0108,Third-Party Donor Reporting,active,2024-12-02 00:00:00,OFF-006,
CON-000095,BEN-0024,Data Processing (KDPA Sec. 25),active,2024-09-15 00:00:00,OFF-014,
CON-000393,BEN-0099,Photography & Media,pending,28/07/2024,OFF-004,
CON-000210,BEN-0053,Third-Party Donor Reporting,active,2024-06-12 00:00:00,OFF-001,
CON-000529,BEN-0133,Photography & Media,active,2024-10-29 00:00:00,OFF-007,
CON-000225,BEN-0057,Photography & Media,active,2024-10-02 00:00:00,OFF-012,
CON-000060,BEN-0015,Automated SMS/WhatsApp Communications,active,,OFF-012,
CON-000334,BEN-0084,Third-Party Donor Reporting,active,2024-07-27 00:00:00,OFF-008,
CON-000138,BEN-0035,Third-Party Donor Reporting,pending,2024-08-07 00:00:00,OFF-008,
CON-000312,BEN-0078,Automated SMS/WhatsApp Communications,active,,OFF-015,
CON-000505,BEN-0127,Photography & Media,active,2024-07-11 00:00:00,OFF-012,
CON-000449,BEN-0113,Photography & Media,active,2024-10-15 00:00:00,OFF-007,
CON-000741,BEN-0186,Photography & Media,active,2024-08-24 00:00:00,OFF-011,
CON-000700,BEN-0175,Automated SMS/WhatsApp Communications,active,2024-08-13 00:00:00,OFF-002,
CON-000246,BEN-0062,Third-Party Donor Reporting,active,2024-07-12 00:00:00,OFF-014,
CON-000139,BEN-0035,Data Processing (KDPA Sec. 25),active,2024-08-05 00:00:00,OFF-008,
CON-000252,BEN-0063,Automated SMS/WhatsApp Communications,active,2024-09-21 00:00:00,OFF-007,
CON-000030,BEN-0008,Third-Party Donor Reporting,active,2024-10-28 00:00:00,OFF-015,
CON-000521,BEN-0131,Photography & Media,active,2024-08-11 00:00:00,OFF-004,
CON-000569,BEN-0143,Photography & Media,active,2024-07-15 00:00:00,OFF-012,
CON-000754,BEN-0189,Third-Party Donor Reporting,active,,OFF-002,
CON-000078,BEN-0020,Third-Party Donor Reporting,active,2024-08-16 00:00:00,OFF-002,
CON-000593,BEN-0149,Photography & Media,active,2024-08-19 00:00:00,OFF-005,
CON-000230,BEN-0058,Third-Party Donor Reporting,expired,2024-12-03 00:00:00,OFF-015,2025-06-11 00:00:00
CON-000553,BEN-0139,Photography & Media,active,2024-12-03 00:00:00,OFF-003,
CON-000357,BEN-0090,Photography & Media,pending,2024-12-23 00:00:00,OFF-001,
CON-000522,BEN-0131,Third-Party Donor Reporting,pending,2024-08-05 00:00:00,OFF-004,
CON-000580,BEN-0145,Automated SMS/WhatsApp Communications,active,2024-08-24 00:00:00,OFF-001,
CON-000680,BEN-0170,Automated SMS/WhatsApp Communications,active,2024-06-25 00:00:00,OFF-006,
CON-000368,BEN-0092,Automated SMS/WhatsApp Communications,active,2024-08-05 00:00:00,OFF-008,
CON-000543,BEN-0136,Data Processing (KDPA Sec. 25),pending,2024-09-09 00:00:00,OFF-008,
CON-000413,BEN-0104,Photography & Media,active,,OFF-007,
CON-000167,BEN-0042,Data Processing (KDPA Sec. 25),active,2024-07-16 00:00:00,OFF-004,
CON-000015,BEN-0004,Data Processing (KDPA Sec. 25),active,2024-10-04 00:00:00,OFF-001,
CON-000401,BEN-0101,Photography & Media,active,2024-12-10 00:00:00,OFF-004,
CON-000752,BEN-0188,Automated SMS/WhatsApp Communications,active,2024-11-25 00:00:00,OFF-005,
CON-000077,BEN-0020,Photography & Media,active,2024-08-26 00:00:00,OFF-002,
CON-000621,BEN-0156,Photography & Media,active,2024-08-19 00:00:00,OFF-010,
CON-000148,BEN-0037,Automated SMS/WhatsApp Communications,active,2024-12-30 00:00:00,OFF-007,
CON-000614,BEN-0154,Third-Party Donor Reporting,active,2024-07-29 00:00:00,OFF-005,
CON-000773,BEN-0194,Photography & Media,active,2024-07-15 00:00:00,OFF-012,
CON-000616,BEN-0154,Automated SMS/WhatsApp Communications,active,2024-07-26 00:00:00,OFF-005,
CON-000469,BEN-0118,Photography & Media,active,2024-07-01 00:00:00,OFF-006,
CON-000657,BEN-0165,Photography & Media,withdrawn,2024-07-13 00:00:00,OFF-008,2024-09-13 00:00:00
CON-000543,BEN-0136,Data Processing (KDPA Sec. 25),pending,2024-09-09 00:00:00,OFF-008,
CON-000555,BEN-0139,Data Processing (KDPA Sec. 25),active,2024-11-20 00:00:00,OFF-003,
CON-000205,BEN-0052,Photography & Media,active,24/07/2024,OFF-006,
CON-000136,BEN-0034,Automated SMS/WhatsApp Communications,expired,2024-10-09 00:00:00,OFF-009,2025-03-28 00:00:00
CON-000604,BEN-0151,Automated SMS/WhatsApp Communications,active,2024-11-26 00:00:00,OFF-013,
CON-000362,BEN-0091,Third-Party Donor Reporting,active,2024-10-30 00:00:00,OFF-003,
CON-000597,BEN-0150,Photography & Media,active,2024-07-12 00:00:00,OFF-010,
CON-000069,BEN-0018,Photography & Media,active,2024-12-17 00:00:00,OFF-008,
CON-000589,BEN-0148,Photography & Media,active,2024-08-04 00:00:00,OFF-012,
CON-000141,BEN-0036,Photography & Media,active,2024-10-27 00:00:00,OFF-012,
CON-000496,BEN-0124,Automated SMS/WhatsApp Communications,active,2024-09-11 00:00:00,OFF-012,
CON-000650,BEN-0163,Third-Party Donor Reporting,active,2024-10-25 00:00:00,OFF-006,
CON-000289,BEN-0073,Photography & Media,active,2024-10-20 00:00:00,OFF-015,
CON-000003,BEN-0001,Data Processing (KDPA Sec. 25),withdrawn,2024-09-28 00:00:00,OFF-008,2025-01-26 00:00:00
CON-000659,BEN-0165,Data Processing (KDPA Sec. 25),active,2024-07-13 00:00:00,OFF-008,
CON-000057,BEN-0015,Photography & Media,active,,OFF-012,
CON-000663,BEN-0166,Data Processing (KDPA Sec. 25),active,2024-10-25 00:00:00,OFF-001,
CON-000376,BEN-0094,Automated SMS/WhatsApp Communications,active,2024-06-29 00:00:00,OFF-006,
CON-000074,BEN-0019,Third-Party Donor Reporting,expired,2024-12-09 00:00:00,OFF-001,2025-01-12 00:00:00
CON-000189,BEN-0048,Photography & Media,active,2024-07-04 00:00:00,OFF-006,
CON-000557,BEN-0140,Photography & Media,active,2024-11-05 00:00:00,OFF-015,
CON-000800,BEN-0200,Automated SMS/WhatsApp Communications,active,2024-07-29 00:00:00,OFF-011,
CON-000261,BEN-0066,Photography & Media,active,2024-09-28 00:00:00,OFF-007,
CON-000339,BEN-0085,Data Processing (KDPA Sec. 25),active,2024-09-30 00:00:00,OFF-012,
CON-000020,BEN-0005,Automated SMS/WhatsApp Communications,pending,2024-06-25 00:00:00,OFF-004,
CON-000066,BEN-0017,Third-Party Donor Reporting,active,2024-07-04 00:00:00,OFF-007,
CON-000335,BEN-0084,Data Processing (KDPA Sec. 25),active,2024-07-26 00:00:00,OFF-008,
CON-000371,BEN-0093,Data Processing (KDPA Sec. 25),active,08/11/2024,OFF-013,
CON-000548,BEN-0137,Automated SMS/WhatsApp Communications,active,2024-09-26 00:00:00,OFF-002,
CON-000766,BEN-0192,Third-Party Donor Reporting,pending,29/09/2024,OFF-003,
CON-000612,BEN-0153,Automated SMS/WhatsApp Communications,active,2024-06-25 00:00:00,OFF-010,
CON-000654,BEN-0164,Third-Party Donor Reporting,active,2024-12-21 00:00:00,OFF-005,
CON-000266,BEN-0067,Third-Party Donor Reporting,active,2024-08-23 00:00:00,OFF-015,
CON-000050,BEN-0013,Third-Party Donor Reporting,active,2025-01-01 00:00:00,OFF-006,
CON-000410,BEN-0103,Third-Party Donor Reporting,active,2024-07-28 00:00:00,OFF-009,
CON-000218,BEN-0055,Third-Party Donor Reporting,active,2024-11-09 00:00:00,OFF-015,
CON-000453,BEN-0114,Photography & Media,active,2024-09-03 00:00:00,OFF-006,
CON-000317,BEN-0080,Photography & Media,active,2024-07-02 00:00:00,OFF-013,
CON-000123,BEN-0031,Data Processing (KDPA Sec. 25),expired,2024-06-19 00:00:00,OFF-008,2024-10-18 00:00:00
CON-000482,BEN-0121,Third-Party Donor Reporting,active,,OFF-013,
CON-000709,BEN-0178,Photography & Media,active,2024-11-20 00:00:00,OFF-005,
CON-000404,BEN-0101,Automated SMS/WhatsApp Communications,active,2024-12-06 00:00:00,OFF-004,
CON-000191,BEN-0048,Data Processing (KDPA Sec. 25),active,2024-07-08 00:00:00,OFF-006,
CON-000050,BEN-0013,Third-Party Donor Reporting,active,2025-01-01 00:00:00,OFF-006,
CON-000794,BEN-0199,Third-Party Donor Reporting,active,2024-12-12 00:00:00,OFF-012,
CON-000227,BEN-0057,Data Processing (KDPA Sec. 25),pending,2024-10-07 00:00:00,OFF-012,
CON-000585,BEN-0147,Photography & Media,active,2024-11-23 00:00:00,OFF-010,
CON-000325,BEN-0082,Photography & Media,active,2024-08-14 00:00:00,OFF-014,
CON-000504,BEN-0126,Automated SMS/WhatsApp Communications,withdrawn,12/12/2024,OFF-013,2025-05-11 00:00:00
CON-000271,BEN-0068,Data Processing (KDPA Sec. 25),pending,2024-06-28 00:00:00,OFF-006,
CON-000272,BEN-0068,Automated SMS/WhatsApp Communications,active,2024-06-25 00:00:00,OFF-006,
CON-000664,BEN-0166,Automated SMS/WhatsApp Communications,active,2024-10-26 00:00:00,OFF-001,
CON-000419,BEN-0105,Data Processing (KDPA Sec. 25),active,2024-07-23 00:00:00,OFF-012,
CON-000327,BEN-0082,Data Processing (KDPA Sec. 25),active,2024-08-24 00:00:00,OFF-014,
CON-000380,BEN-0095,Automated SMS/WhatsApp Communications,active,2024-10-24 00:00:00,OFF-011,
CON-000409,BEN-0103,Photography & Media,active,2024-08-05 00:00:00,OFF-009,
CON-000590,BEN-0148,Third-Party Donor Reporting,withdrawn,2024-07-25 00:00:00,OFF-012,2024-09-05 00:00:00
CON-000223,BEN-0056,Data Processing (KDPA Sec. 25),active,15/06/2024,OFF-005,
CON-000728,BEN-0182,Automated SMS/WhatsApp Communications,active,2024-11-21 00:00:00,OFF-004,
CON-000039,BEN-0010,Data Processing (KDPA Sec. 25),active,24/06/2024,OFF-008,
CON-000277,BEN-0070,Photography & Media,active,2024-07-23 00:00:00,OFF-008,
CON-000491,BEN-0123,Data Processing (KDPA Sec. 25),withdrawn,2024-10-26 00:00:00,OFF-012,2025-03-07 00:00:00
CON-000314,BEN-0079,Third-Party Donor Reporting,active,2024-12-20 00:00:00,OFF-002,
CON-000702,BEN-0176,Third-Party Donor Reporting,expired,2024-12-28 00:00:00,OFF-001,2025-01-27 00:00:00
CON-000670,BEN-0168,Third-Party Donor Reporting,active,2024-07-13 00:00:00,OFF-013,
CON-000054,BEN-0014,Third-Party Donor Reporting,active,2024-10-02 00:00:00,OFF-013,
CON-000084,BEN-0021,Automated SMS/WhatsApp Communications,pending,2024-06-26 00:00:00,OFF-004,
CON-000332,BEN-0083,Automated SMS/WhatsApp Communications,active,2024-09-09 00:00:00,OFF-001,
CON-000023,BEN-0006,Data Processing (KDPA Sec. 25),active,2024-08-23 00:00:00,OFF-012,
CON-000674,BEN-0169,Third-Party Donor Reporting,active,08/12/2024,OFF-008,
CON-000581,BEN-0146,Photography & Media,active,2024-07-20 00:00:00,OFF-015,
CON-000108,BEN-0027,Automated SMS/WhatsApp Communications,active,2024-10-12 00:00:00,OFF-004,
CON-000513,BEN-0129,Photography & Media,active,2024-10-14 00:00:00,OFF-003,
CON-000206,BEN-0052,Third-Party Donor Reporting,active,2024-07-17 00:00:00,OFF-006,
CON-000446,BEN-0112,Third-Party Donor Reporting,active,2024-10-30 00:00:00,OFF-007,
CON-000361,BEN-0091,Photography & Media,active,2024-11-05 00:00:00,OFF-003,
CON-000010,BEN-0003,Third-Party Donor Reporting,active,2024-07-27 00:00:00,OFF-005,
CON-000034,BEN-0009,Third-Party Donor Reporting,active,2024-08-01 00:00:00,OFF-005,
CON-000433,BEN-0109,Photography & Media,active,2024-07-31 00:00:00,OFF-006,
CON-000795,BEN-0199,Data Processing (KDPA Sec. 25),active,2024-11-30 00:00:00,OFF-012,
CON-000196,BEN-0049,Automated SMS/WhatsApp Communications,withdrawn,2024-12-25 00:00:00,OFF-008,2025-06-22 00:00:00
CON-000311,BEN-0078,Data Processing (KDPA Sec. 25),withdrawn,2024-10-26 00:00:00,OFF-015,2024-12-17 00:00:00
CON-000467,BEN-0117,Data Processing (KDPA Sec. 25),active,2024-10-22 00:00:00,OFF-005,
CON-000109,BEN-0028,Photography & Media,active,2024-09-05 00:00:00,OFF-004,
CON-000658,BEN-0165,Third-Party Donor Reporting,active,2024-07-16 00:00:00,OFF-008,
CON-000333,BEN-0084,Photography & Media,active,2024-07-30 00:00:00,OFF-008,
CON-000053,BEN-0014,Photography & Media,active,2024-10-11 00:00:00,OFF-013,
CON-000076,BEN-0019,Automated SMS/WhatsApp Communications,active,2024-12-18 00:00:00,OFF-001,
CON-000624,BEN-0156,Automated SMS/WhatsApp Communications,active,2024-08-23 00:00:00,OFF-010,
CON-000526,BEN-0132,Third-Party Donor Reporting,active,2024-08-15 00:00:00,OFF-009,
CON-000586,BEN-0147,Third-Party Donor Reporting,active,2024-11-11 00:00:00,OFF-010,
CON-000551,BEN-0138,Data Processing (KDPA Sec. 25),active,18/07/2024,OFF-009,
CON-000088,BEN-0022,Automated SMS/WhatsApp Communications,active,2024-09-25 00:00:00,OFF-008,
CON-000751,BEN-0188,Data Processing (KDPA Sec. 25),pending,2024-11-26 00:00:00,OFF-005,
CON-000044,BEN-0011,Automated SMS/WhatsApp Communications,active,2024-11-14 00:00:00,OFF-001,
CON-000064,BEN-0016,Automated SMS/WhatsApp Communications,active,2024-10-07 00:00:00,OFF-008,
CON-000321,BEN-0081,Photography & Media,active,2024-08-29 00:00:00,OFF-005,
CON-000256,BEN-0064,Automated SMS/WhatsApp Communications,active,2024-08-21 00:00:00,OFF-001,
CON-000068,BEN-0017,Automated SMS/WhatsApp Communications,active,,OFF-007,
CON-000746,BEN-0187,Third-Party Donor Reporting,active,2024-10-07 00:00:00,OFF-010,
CON-000601,BEN-0151,Photography & Media,active,2024-12-08 00:00:00,OFF-013,
CON-000013,BEN-0004,Photography & Media,active,2024-09-29 00:00:00,OFF-001,
CON-000698,BEN-0175,Third-Party Donor Reporting,pending,2024-08-12 00:00:00,OFF-002,
CON-000753,BEN-0189,Photography & Media,active,2024-07-18 00:00:00,OFF-002,
CON-000634,BEN-0159,Third-Party Donor Reporting,active,2024-08-24 00:00:00,OFF-009,
CON-000014,BEN-0004,Third-Party Donor Reporting,pending,2024-10-03 00:00:00,OFF-001,
CON-000625,BEN-0157,Photography & Media,pending,2024-12-06 00:00:00,OFF-012,
CON-000224,BEN-0056,Automated SMS/WhatsApp Communications,active,24/06/2024,OFF-005,
CON-000397,BEN-0100,Photography & Media,active,2024-10-23 00:00:00,OFF-001,
CON-000001,BEN-0001,Photography & Media,pending,2024-09-19 00:00:00,OFF-008,
CON-000160,BEN-0040,Automated SMS/WhatsApp Communications,active,2024-10-03 00:00:00,OFF-014,
CON-000086,BEN-0022,Third-Party Donor Reporting,active,2024-10-01 00:00:00,OFF-008,
CON-000532,BEN-0133,Automated SMS/WhatsApp Communications,active,2024-11-01 00:00:00,OFF-007,
CON-000269,BEN-0068,Photography & Media,active,2024-07-02 00:00:00,OFF-006,
CON-000062,BEN-0016,Third-Party Donor Reporting,active,2024-10-12 00:00:00,OFF-008,
CON-000099,BEN-0025,Data Processing (KDPA Sec. 25),active,2024-11-27 00:00:00,OFF-009,
CON-000628,BEN-0157,Automated SMS/WhatsApp Communications,active,2024-11-27 00:00:00,OFF-012,
CON-000480,BEN-0120,Automated SMS/WhatsApp Communications,active,2024-12-25 00:00:00,OFF-015,
CON-000236,BEN-0059,Automated SMS/WhatsApp Communications,active,2024-06-19 00:00:00,OFF-013,
CON-000714,BEN-0179,Third-Party Donor Reporting,active,2024-11-15 00:00:00,OFF-001,
CON-000566,BEN-0142,Third-Party Donor Reporting,active,,OFF-007,
CON-000678,BEN-0170,Third-Party Donor Reporting,active,2024-06-22 00:00:00,OFF-006,
CON-000357,BEN-0090,Photography & Media,pending,23/12/2024,OFF-001,
CON-000596,BEN-0149,Automated SMS/WhatsApp Communications,active,2024-08-26 00:00:00,OFF-005,
CON-000455,BEN-0114,Data Processing (KDPA Sec. 25),pending,2024-09-17 00:00:00,OFF-006,
CON-000571,BEN-0143,Data Processing (KDPA Sec. 25),expired,2024-07-06 00:00:00,OFF-012,2025-01-05 00:00:00
CON-000415,BEN-0104,Data Processing (KDPA Sec. 25),pending,2024-11-17 00:00:00,OFF-007,
CON-000416,BEN-0104,Automated SMS/WhatsApp Communications,active,2024-11-08 00:00:00,OFF-007,
CON-000017,BEN-0005,Photography & Media,active,2024-06-24 00:00:00,OFF-004,
CON-000363,BEN-0091,Data Processing (KDPA Sec. 25),active,2024-11-03 00:00:00,OFF-003,
CON-000474,BEN-0119,Third-Party Donor Reporting,active,2024-08-20 00:00:00,OFF-010,
CON-000329,BEN-0083,Photography & Media,active,2024-09-10 00:00:00,OFF-001,
CON-000096,BEN-0024,Automated SMS/WhatsApp Communications,active,08/09/2024,OFF-014,
CON-000169,BEN-0043,Photography & Media,active,2024-10-03 00:00:00,OFF-008,
CON-000506,BEN-0127,Third-Party Donor Reporting,active,2024-07-15 00:00:00,OFF-012,
CON-000476,BEN-0119,Automated SMS/WhatsApp Communications,active,2024-08-16 00:00:00,OFF-010,
CON-000481,BEN-0121,Photography & Media,active,2024-12-01 00:00:00,OFF-013,
CON-000660,BEN-0165,Automated SMS/WhatsApp Communications,active,2024-07-21 00:00:00,OFF-008,
CON-000208,BEN-0052,Automated SMS/WhatsApp Communications,active,2024-07-13 00:00:00,OFF-006,
CON-000126,BEN-0032,Third-Party Donor Reporting,active,2024-07-08 00:00:00,OFF-005,
CON-000132,BEN-0033,Automated SMS/WhatsApp Communications,active,2024-07-11 00:00:00,OFF-001,
CON-000350,BEN-0088,Third-Party Donor Reporting,active,2024-07-04 00:00:00,OFF-002,
CON-000280,BEN-0070,Automated SMS/WhatsApp Communications,active,2024-07-29 00:00:00,OFF-008,
CON-000528,BEN-0132,Automated SMS/WhatsApp Communications,active,2024-08-17 00:00:00,OFF-009,
CON-000793,BEN-0199,Photography & Media,active,2024-12-07 00:00:00,OFF-012,
CON-000268,BEN-0067,Automated SMS/WhatsApp Communications,active,2024-08-19 00:00:00,OFF-015,
CON-000639,BEN-0160,Data Processing (KDPA Sec. 25),active,2024-08-30 00:00:00,OFF-014,
CON-000231,BEN-0058,Data Processing (KDPA Sec. 25),pending,2024-11-30 00:00:00,OFF-015,
CON-000219,BEN-0055,Data Processing (KDPA Sec. 25),active,2024-11-04 00:00:00,OFF-015,
CON-000618,BEN-0155,Third-Party Donor Reporting,active,2024-12-15 00:00:00,OFF-004,
CON-000177,BEN-0045,Photography & Media,active,2024-07-08 00:00:00,OFF-014,
CON-000212,BEN-0053,Automated SMS/WhatsApp Communications,expired,2024-06-19 00:00:00,OFF-001,2024-10-21 00:00:00
CON-000602,BEN-0151,Third-Party Donor Reporting,active,2024-12-02 00:00:00,OFF-013,
CON-000115,BEN-0029,Data Processing (KDPA Sec. 25),active,2024-11-29 00:00:00,OFF-006,
CON-000176,BEN-0044,Automated SMS/WhatsApp Communications,active,,OFF-012,
CON-000627,BEN-0157,Data Processing (KDPA Sec. 25),active,2024-12-09 00:00:00,OFF-012,
CON-000267,BEN-0067,Data Processing (KDPA Sec. 25),active,2024-08-24 00:00:00,OFF-015,
CON-000024,BEN-0006,Automated SMS/WhatsApp Communications,expired,2024-08-27 00:00:00,OFF-012,2024-11-10 00:00:00
CON-000156,BEN-0039,Automated SMS/WhatsApp Communications,active,2024-09-03 00:00:00,OFF-006,
CON-000063,BEN-0016,Data Processing (KDPA Sec. 25),expired,2024-10-17 00:00:00,OFF-008,2025-01-01 00:00:00
CON-000667,BEN-0167,Data Processing (KDPA Sec. 25),active,2024-09-19 00:00:00,OFF-013,
CON-000632,BEN-0158,Automated SMS/WhatsApp Communications,active,2024-06-21 00:00:00,OFF-014,
CON-000390,BEN-0098,Third-Party Donor Reporting,pending,2024-06-05 00:00:00,OFF-015,
CON-000116,BEN-0029,Automated SMS/WhatsApp Communications,active,2024-12-13 00:00:00,OFF-006,
CON-000500,BEN-0125,Automated SMS/WhatsApp Communications,active,2024-12-14 00:00:00,OFF-014,
CON-000029,BEN-0008,Photography & Media,active,2024-10-28 00:00:00,OFF-015,
CON-000264,BEN-0066,Automated SMS/WhatsApp Communications,withdrawn,2024-10-07 00:00:00,OFF-007,2025-02-26 00:00:00
CON-000509,BEN-0128,Photography & Media,active,2024-07-10 00:00:00,OFF-003,
CON-000097,BEN-0025,Photography & Media,pending,2024-12-07 00:00:00,OFF-009,
CON-000002,BEN-0001,Third-Party Donor Reporting,active,2024-09-23 00:00:00,OFF-008,
CON-000641,BEN-0161,Photography & Media,active,2024-12-25 00:00:00,OFF-007,
CON-000215,BEN-0054,Data Processing (KDPA Sec. 25),active,2024-08-05 00:00:00,OFF-003,
CON-000762,BEN-0191,Third-Party Donor Reporting,active,2024-09-17 00:00:00,OFF-012,
CON-000784,BEN-0196,Automated SMS/WhatsApp Communications,active,16/07/2024,OFF-004,
CON-000274,BEN-0069,Third-Party Donor Reporting,active,2024-11-19 00:00:00,OFF-015,
CON-000558,BEN-0140,Third-Party Donor Reporting,active,11/11/2024,OFF-015,
CON-000318,BEN-0080,Third-Party Donor Reporting,active,2024-06-30 00:00:00,OFF-013,
CON-000214,BEN-0054,Third-Party Donor Reporting,pending,2024-08-12 00:00:00,OFF-003,
CON-000248,BEN-0062,Automated SMS/WhatsApp Communications,active,2024-07-06 00:00:00,OFF-014,
CON-000299,BEN-0075,Data Processing (KDPA Sec. 25),active,2024-12-18 00:00:00,OFF-012,
CON-000556,BEN-0139,Automated SMS/WhatsApp Communications,withdrawn,2024-11-26 00:00:00,OFF-003,2025-01-20 00:00:00
CON-000792,BEN-0198,Automated SMS/WhatsApp Communications,active,2024-10-22 00:00:00,OFF-011,
CON-000689,BEN-0173,Photography & Media,active,2024-08-22 00:00:00,OFF-003,
CON-000706,BEN-0177,Third-Party Donor Reporting,active,2024-11-24 00:00:00,OFF-002,
CON-000649,BEN-0163,Photography & Media,active,2024-10-26 00:00:00,OFF-006,
CON-000336,BEN-0084,Automated SMS/WhatsApp Communications,active,2024-08-05 00:00:00,OFF-008,
CON-000258,BEN-0065,Third-Party Donor Reporting,pending,2024-09-14 00:00:00,OFF-002,
CON-000431,BEN-0108,Data Processing (KDPA Sec. 25),expired,2024-11-26 00:00:00,OFF-006,2025-04-29 00:00:00
CON-000262,BEN-0066,Third-Party Donor Reporting,active,2024-10-07 00:00:00,OFF-007,
CON-000715,BEN-0179,Data Processing (KDPA Sec. 25),active,2024-11-10 00:00:00,OFF-001,
CON-000025,BEN-0007,Photography & Media,active,2024-09-22 00:00:00,OFF-015,
CON-000024,BEN-0006,Automated SMS/WhatsApp Communications,expired,2024-08-27 00:00:00,OFF-012,2024-11-10 00:00:00
CON-000186,BEN-0047,Third-Party Donor Reporting,active,2024-10-30 00:00:00,OFF-008,
CON-000665,BEN-0167,Photography & Media,active,2024-09-17 00:00:00,OFF-013,
CON-000071,BEN-0018,Data Processing (KDPA Sec. 25),active,2024-12-15 00:00:00,OFF-008,
CON-000425,BEN-0107,Photography & Media,active,2025-01-08 00:00:00,OFF-002,
CON-000587,BEN-0147,Data Processing (KDPA Sec. 25),active,2024-11-24 00:00:00,OFF-010,
CON-000396,BEN-0099,Automated SMS/WhatsApp Communications,active,2024-08-02 00:00:00,OFF-004,
CON-000572,BEN-0143,Automated SMS/WhatsApp Communications,active,2024-07-12 00:00:00,OFF-012,
CON-000479,BEN-0120,Data Processing (KDPA Sec. 25),active,2024-12-22 00:00:00,OFF-015,
CON-000708,BEN-0177,Automated SMS/WhatsApp Communications,active,2024-12-06 00:00:00,OFF-002,
CON-000399,BEN-0100,Data Processing (KDPA Sec. 25),active,2024-10-18 00:00:00,OFF-001,
CON-000584,BEN-0146,Automated SMS/WhatsApp Communications,active,2024-07-19 00:00:00,OFF-015,
CON-000307,BEN-0077,Data Processing (KDPA Sec. 25),active,2024-07-25 00:00:00,OFF-003,
CON-000495,BEN-0124,Data Processing (KDPA Sec. 25),active,2024-09-05 00:00:00,OFF-012,
CON-000626,BEN-0157,Third-Party Donor Reporting,active,2024-11-27 00:00:00,OFF-012,
CON-000444,BEN-0111,Automated SMS/WhatsApp Communications,active,2025-01-12 00:00:00,OFF-002,
CON-000454,BEN-0114,Third-Party Donor Reporting,active,2024-09-06 00:00:00,OFF-006,
CON-000370,BEN-0093,Third-Party Donor Reporting,expired,2024-11-12 00:00:00,OFF-013,2025-04-15 00:00:00
CON-000647,BEN-0162,Data Processing (KDPA Sec. 25),active,2024-11-20 00:00:00,OFF-011,
CON-000213,BEN-0054,Photography & Media,expired,2024-08-15 00:00:00,OFF-003,2025-01-07 00:00:00
CON-000164,BEN-0041,Automated SMS/WhatsApp Communications,active,2024-06-08 00:00:00,OFF-007,
CON-000090,BEN-0023,Third-Party Donor Reporting,active,2024-10-14 00:00:00,OFF-002,
CON-000122,BEN-0031,Third-Party Donor Reporting,active,,OFF-008,
CON-000140,BEN-0035,Automated SMS/WhatsApp Communications,active,2024-08-08 00:00:00,OFF-008,
CON-000135,BEN-0034,Data Processing (KDPA Sec. 25),active,2024-09-28 00:00:00,OFF-009,
CON-000054,BEN-0014,Third-Party Donor Reporting,active,2024-10-02 00:00:00,OFF-013,
CON-000040,BEN-0010,Automated SMS/WhatsApp Communications,active,2024-06-17 00:00:00,OFF-008,
CON-000656,BEN-0164,Automated SMS/WhatsApp Communications,active,2024-12-28 00:00:00,OFF-005,
CON-000184,BEN-0046,Automated SMS/WhatsApp Communications,active,2024-07-08 00:00:00,OFF-012,
CON-000276,BEN-0069,Automated SMS/WhatsApp Communications,active,2024-11-29 00:00:00,OFF-015,
CON-000198,BEN-0050,Third-Party Donor Reporting,expired,2024-09-03 00:00:00,OFF-009,2025-02-03 00:00:00
CON-000151,BEN-0038,Data Processing (KDPA Sec. 25),expired,2024-10-26 00:00:00,OFF-012,2025-04-03 00:00:00
CON-000536,BEN-0134,Automated SMS/WhatsApp Communications,pending,2024-12-28 00:00:00,OFF-003,
CON-000451,BEN-0113,Data Processing (KDPA Sec. 25),active,2024-10-12 00:00:00,OFF-007,
CON-000691,BEN-0173,Data Processing (KDPA Sec. 25),active,,OFF-003,
CON-000358,BEN-0090,Third-Party Donor Reporting,active,2024-12-21 00:00:00,OFF-001,
CON-000282,BEN-0071,Third-Party Donor Reporting,active,2024-08-05 00:00:00,OFF-005,
CON-000550,BEN-0138,Third-Party Donor Reporting,withdrawn,2024-07-23 00:00:00,OFF-009,2024-10-27 00:00:00
CON-000734,BEN-0184,Third-Party Donor Reporting,active,2024-12-19 00:00:00,OFF-003,
CON-000004,BEN-0001,Automated SMS/WhatsApp Communications,expired,2024-09-22 00:00:00,OFF-008,2024-12-17 00:00:00
CON-000372,BEN-0093,Automated SMS/WhatsApp Communications,expired,2024-11-13 00:00:00,OFF-013,2024-12-19 00:00:00
CON-000243,BEN-0061,Data Processing (KDPA Sec. 25),active,2024-10-30 00:00:00,OFF-008,
CON-000174,BEN-0044,Third-Party Donor Reporting,active,2024-12-25 00:00:00,OFF-012,
CON-000046,BEN-0012,Third-Party Donor Reporting,active,2024-12-03 00:00:00,OFF-007,
CON-000319,BEN-0080,Data Processing (KDPA Sec. 25),active,2024-07-02 00:00:00,OFF-013,
CON-000420,BEN-0105,Automated SMS/WhatsApp Communications,active,2024-07-22 00:00:00,OFF-012,
CON-000296,BEN-0074,Automated SMS/WhatsApp Communications,expired,2024-10-22 00:00:00,OFF-010,2024-12-31 00:00:00
CON-000105,BEN-0027,Photography & Media,active,2024-10-05 00:00:00,OFF-004,
CON-000104,BEN-0026,Automated SMS/WhatsApp Communications,active,,OFF-007,
CON-000131,BEN-0033,Data Processing (KDPA Sec. 25),pending,2024-07-06 00:00:00,OFF-001,
CON-000712,BEN-0178,Automated SMS/WhatsApp Communications,active,2024-11-29 00:00:00,OFF-005,
CON-000799,BEN-0200,Data Processing (KDPA Sec. 25),active,2024-08-08 00:00:00,OFF-011,
CON-000166,BEN-0042,Third-Party Donor Reporting,active,2024-07-19 00:00:00,OFF-004,
CON-000353,BEN-0089,Photography & Media,active,2024-10-22 00:00:00,OFF-009,
CON-000406,BEN-0102,Third-Party Donor Reporting,active,2024-07-22 00:00:00,OFF-013,
CON-000051,BEN-0013,Data Processing (KDPA Sec. 25),pending,2025-01-12 00:00:00,OFF-006,
CON-000300,BEN-0075,Automated SMS/WhatsApp Communications,active,2024-12-16 00:00:00,OFF-012,
CON-000207,BEN-0052,Data Processing (KDPA Sec. 25),pending,2024-07-19 00:00:00,OFF-006,
CON-000052,BEN-0013,Automated SMS/WhatsApp Communications,active,2025-01-11 00:00:00,OFF-006,
CON-000516,BEN-0129,Automated SMS/WhatsApp Communications,active,2024-10-20 00:00:00,OFF-003,
CON-000157,BEN-0040,Photography & Media,active,2024-10-02 00:00:00,OFF-014,
CON-000525,BEN-0132,Photography & Media,active,2024-08-07 00:00:00,OFF-009,
CON-000116,BEN-0029,Automated SMS/WhatsApp Communications,active,,OFF-006,
CON-000008,BEN-0002,Automated SMS/WhatsApp Communications,active,2024-10-07 00:00:00,OFF-009,
CON-000305,BEN-0077,Photography & Media,active,2024-07-21 00:00:00,OFF-003,
CON-000595,BEN-0149,Data Processing (KDPA Sec. 25),active,2024-08-28 00:00:00,OFF-005,
CON-000694,BEN-0174,Third-Party Donor Reporting,active,2024-06-08 00:00:00,OFF-002,
CON-000514,BEN-0129,Third-Party Donor Reporting,active,14/10/2024,OFF-003,
CON-000192,BEN-0048,Automated SMS/WhatsApp Communications,active,,OFF-006,
CON-000662,BEN-0166,Third-Party Donor Reporting,active,2024-10-29 00:00:00,OFF-001,
CON-000180,BEN-0045,Automated SMS/WhatsApp Communications,active,2024-07-13 00:00:00,OFF-014,
CON-000426,BEN-0107,Third-Party Donor Reporting,active,2024-12-27 00:00:00,OFF-002,
CON-000106,BEN-0027,Third-Party Donor Reporting,active,2024-10-09 00:00:00,OFF-004,
CON-000457,BEN-0115,Photography & Media,active,2024-10-18 00:00:00,OFF-004,
CON-000408,BEN-0102,Automated SMS/WhatsApp Communications,active,2024-07-15 00:00:00,OFF-013,
CON-000073,BEN-0019,Photography & Media,pending,2024-12-12 00:00:00,OFF-001,
CON-000471,BEN-0118,Data Processing (KDPA Sec. 25),pending,2024-06-27 00:00:00,OFF-006,
CON-000606,BEN-0152,Third-Party Donor Reporting,active,2024-08-29 00:00:00,OFF-007,
CON-000672,BEN-0168,Automated SMS/WhatsApp Communications,pending,2024-07-13 00:00:00,OFF-013,
CON-000250,BEN-0063,Third-Party Donor Reporting,active,2024-09-17 00:00:00,OFF-007,
CON-000538,BEN-0135,Third-Party Donor Reporting,active,2024-12-20 00:00:00,OFF-007,
CON-000531,BEN-0133,Data Processing (KDPA Sec. 25),withdrawn,2024-11-11 00:00:00,OFF-007,2025-03-03 00:00:00
CON-000260,BEN-0065,Automated SMS/WhatsApp Communications,active,2024-09-26 00:00:00,OFF-002,
CON-000110,BEN-0028,Third-Party Donor Reporting,withdrawn,2024-09-15 00:00:00,OFF-004,2025-02-21 00:00:00
CON-000518,BEN-0130,Third-Party Donor Reporting,pending,2024-11-01 00:00:00,OFF-002,
CON-000683,BEN-0171,Data Processing (KDPA Sec. 25),expired,2024-12-18 00:00:00,OFF-004,2025-02-15 00:00:00
CON-000570,BEN-0143,Third-Party Donor Reporting,pending,2024-07-08 00:00:00,OFF-012,
CON-000270,BEN-0068,Third-Party Donor Reporting,active,2024-06-24 00:00:00,OFF-006,
CON-000320,BEN-0080,Automated SMS/WhatsApp Communications,active,2024-07-08 00:00:00,OFF-013,
CON-000375,BEN-0094,Data Processing (KDPA Sec. 25),active,2024-06-22 00:00:00,OFF-006,
CON-000487,BEN-0122,Data Processing (KDPA Sec. 25),active,2024-09-10 00:00:00,OFF-005,
CON-000652,BEN-0163,Automated SMS/WhatsApp Communications,active,2024-10-22 00:00:00,OFF-006,
CON-000242,BEN-0061,Third-Party Donor Reporting,active,2024-11-04 00:00:00,OFF-008,
CON-000341,BEN-0086,Photography & Media,active,2024-12-06 00:00:00,OFF-004,
CON-000755,BEN-0189,Data Processing (KDPA Sec. 25),active,2024-07-20 00:00:00,OFF-002,
CON-000759,BEN-0190,Data Processing (KDPA Sec. 25),pending,2024-12-03 00:00:00,OFF-004,
CON-000005,BEN-0002,Photography & Media,pending,2024-10-11 00:00:00,OFF-009,
CON-000485,BEN-0122,Photography & Media,active,2024-09-07 00:00:00,OFF-005,
CON-000450,BEN-0113,Third-Party Donor Reporting,expired,2024-10-07 00:00:00,OFF-007,2025-03-15 00:00:00
CON-000072,BEN-0018,Automated SMS/WhatsApp Communications,active,2024-12-24 00:00:00,OFF-008,
CON-000690,BEN-0173,Third-Party Donor Reporting,active,2024-08-23 00:00:00,OFF-003,
CON-000725,BEN-0182,Photography & Media,pending,2024-11-22 00:00:00,OFF-004,
CON-000780,BEN-0195,Automated SMS/WhatsApp Communications,active,2024-07-26 00:00:00,OFF-002,
CON-000786,BEN-0197,Third-Party Donor Reporting,active,27/09/2024,OFF-006,
CON-000699,BEN-0175,Data Processing (KDPA Sec. 25),active,2024-08-07 00:00:00,OFF-002,
CON-000668,BEN-0167,Automated SMS/WhatsApp Communications,active,2024-09-23 00:00:00,OFF-013,
CON-000237,BEN-0060,Photography & Media,active,2024-08-30 00:00:00,OFF-012,
CON-000673,BEN-0169,Photography & Media,expired,2024-12-08 00:00:00,OFF-008,2025-03-30 00:00:00
CON-000466,BEN-0117,Third-Party Donor Reporting,active,2024-10-24 00:00:00,OFF-005,
CON-000217,BEN-0055,Photography & Media,active,2024-11-09 00:00:00,OFF-015,
CON-000464,BEN-0116,Automated SMS/WhatsApp Communications,active,2024-12-16 00:00:00,OFF-002,
CON-000575,BEN-0144,Data Processing (KDPA Sec. 25),active,2024-09-01 00:00:00,OFF-011,
CON-000655,BEN-0164,Data Processing (KDPA Sec. 25),active,2024-12-31 00:00:00,OFF-005,
CON-000578,BEN-0145,Third-Party Donor Reporting,active,2024-08-28 00:00:00,OFF-001,
CON-000142,BEN-0036,Third-Party Donor Reporting,active,2024-10-30 00:00:00,OFF-012,
CON-000508,BEN-0127,Automated SMS/WhatsApp Communications,active,2024-07-16 00:00:00,OFF-012,
CON-000497,BEN-0125,Photography & Media,active,2024-12-06 00:00:00,OFF-014,
CON-000461,BEN-0116,Photography & Media,active,2024-12-07 00:00:00,OFF-002,
CON-000429,BEN-0108,Photography & Media,expired,2024-12-03 00:00:00,OFF-006,2025-04-13 00:00:00
CON-000281,BEN-0071,Photography & Media,active,2024-08-09 00:00:00,OFF-005,
CON-000516,BEN-0129,Automated SMS/WhatsApp Communications,active,2024-10-20 00:00:00,OFF-003,
CON-000082,BEN-0021,Third-Party Donor Reporting,active,2024-06-25 00:00:00,OFF-004,
CON-000221,BEN-0056,Photography & Media,active,2024-06-16 00:00:00,OFF-005,
CON-000042,BEN-0011,Third-Party Donor Reporting,active,2024-11-13 00:00:00,OFF-001,
CON-000385,BEN-0097,Photography & Media,active,2024-07-16 00:00:00,OFF-010,
CON-000021,BEN-0006,Photography & Media,active,2024-08-26 00:00:00,OFF-012,
CON-000791,BEN-0198,Data Processing (KDPA Sec. 25),active,2024-10-08 00:00:00,OFF-011,
CON-000441,BEN-0111,Photography & Media,active,2025-01-06 00:00:00,OFF-002,
CON-000685,BEN-0172,Photography & Media,active,2024-06-15 00:00:00,OFF-012,
CON-000240,BEN-0060,Automated SMS/WhatsApp Communications,active,29/08/2024,OFF-012,
CON-000171,BEN-0043,Data Processing (KDPA Sec. 25),active,2024-10-04 00:00:00,OFF-008,
CON-000328,BEN-0082,Automated SMS/WhatsApp Communications,active,2024-08-23 00:00:00,OFF-014,
CON-000284,BEN-0071,Automated SMS/WhatsApp Communications,expired,2024-08-07 00:00:00,OFF-005,2024-12-05 00:00:00
CON-000093,BEN-0024,Photography & Media,active,2024-09-05 00:00:00,OFF-014,
CON-000705,BEN-0177,Photography & Media,active,2024-12-02 00:00:00,OFF-002,
CON-000561,BEN-0141,Photography & Media,active,2024-12-11 00:00:00,OFF-010,
CON-000798,BEN-0200,Third-Party Donor Reporting,expired,08/08/2024,OFF-011,2025-02-14 00:00:00
CON-000147,BEN-0037,Data Processing (KDPA Sec. 25),active,2025-01-07 00:00:00,OFF-007,
CON-000382,BEN-0096,Third-Party Donor Reporting,active,2024-07-17 00:00:00,OFF-005,
CON-000065,BEN-0017,Photography & Media,active,2024-06-26 00:00:00,OFF-007,
CON-000739,BEN-0185,Data Processing (KDPA Sec. 25),active,2024-12-01 00:00:00,OFF-013,
CON-000309,BEN-0078,Photography & Media,active,2024-10-28 00:00:00,OFF-015,
CON-000465,BEN-0117,Photography & Media,active,2024-10-19 00:00:00,OFF-005,
CON-000398,BEN-0100,Third-Party Donor Reporting,active,2024-10-18 00:00:00,OFF-001,
CON-000736,BEN-0184,Automated SMS/WhatsApp Communications,active,2024-12-27 00:00:00,OFF-003,
CON-000591,BEN-0148,Data Processing (KDPA Sec. 25),active,2024-08-02 00:00:00,OFF-012,
CON-000537,BEN-0135,Photography & Media,active,2024-12-07 00:00:00,OFF-007,
CON-000113,BEN-0029,Photography & Media,active,2024-12-11 00:00:00,OFF-006,
CON-000535,BEN-0134,Data Processing (KDPA Sec. 25),active,2024-12-30 00:00:00,OFF-003,
CON-000209,BEN-0053,Photography & Media,active,2024-06-10 00:00:00,OFF-001,
CON-000723,BEN-0181,Data Processing (KDPA Sec. 25),active,2024-06-20 00:00:00,OFF-013,
CON-000731,BEN-0183,Data Processing (KDPA Sec. 25),expired,2024-12-11 00:00:00,OFF-014,2025-02-12 00:00:00
CON-000642,BEN-0161,Third-Party Donor Reporting,active,2024-12-16 00:00:00,OFF-007,
CON-000520,BEN-0130,Automated SMS/WhatsApp Communications,active,2024-11-09 00:00:00,OFF-002,
CON-000787,BEN-0197,Data Processing (KDPA Sec. 25),active,2024-09-16 00:00:00,OFF-006,
CON-000009,BEN-0003,Photography & Media,active,2024-08-02 00:00:00,OFF-005,
CON-000080,BEN-0020,Automated SMS/WhatsApp Communications,active,2024-08-20 00:00:00,OFF-002,
CON-000067,BEN-0017,Data Processing (KDPA Sec. 25),active,2024-06-20 00:00:00,OFF-007,
CON-000541,BEN-0136,Photography & Media,withdrawn,2024-09-04 00:00:00,OFF-008,2024-11-19 00:00:00
CON-000304,BEN-0076,Automated SMS/WhatsApp Communications,active,2024-09-23 00:00:00,OFF-015,
CON-000527,BEN-0132,Data Processing (KDPA Sec. 25),active,2024-08-18 00:00:00,OFF-009,
CON-000101,BEN-0026,Photography & Media,active,2025-01-03 00:00:00,OFF-007,
CON-000524,BEN-0131,Automated SMS/WhatsApp Communications,active,2024-08-04 00:00:00,OFF-004,
CON-000468,BEN-0117,Automated SMS/WhatsApp Communications,active,2024-10-22 00:00:00,OFF-005,
CON-000348,BEN-0087,Automated SMS/WhatsApp Communications,active,2024-10-05 00:00:00,OFF-014,
CON-000701,BEN-0176,Photography & Media,active,25/12/2024,OFF-001,
CON-000162,BEN-0041,Third-Party Donor Reporting,active,2024-06-14 00:00:00,OFF-007,
CON-000653,BEN-0164,Photography & Media,active,,OFF-005,
CON-000374,BEN-0094,Third-Party Donor Reporting,active,2024-06-29 00:00:00,OFF-006,
CON-000448,BEN-0112,Automated SMS/WhatsApp Communications,active,2024-10-30 00:00:00,OFF-007,
CON-000263,BEN-0066,Data Processing (KDPA Sec. 25),active,2024-10-04 00:00:00,OFF-007,
CON-000081,BEN-0021,Photography & Media,withdrawn,2024-06-23 00:00:00,OFF-004,2024-12-26 00:00:00
CON-000028,BEN-0007,Automated SMS/WhatsApp Communications,active,2024-09-24 00:00:00,OFF-015,
CON-000770,BEN-0193,Third-Party Donor Reporting,active,2024-11-07 00:00:00,OFF-010,
CON-000349,BEN-0088,Photography & Media,active,2024-06-27 00:00:00,OFF-002,
CON-000369,BEN-0093,Photography & Media,active,2024-11-08 00:00:00,OFF-013,
CON-000428,BEN-0107,Automated SMS/WhatsApp Communications,active,2024-12-29 00:00:00,OFF-002,
CON-000748,BEN-0187,Automated SMS/WhatsApp Communications,withdrawn,2024-10-04 00:00:00,OFF-010,2024-12-26 00:00:00
CON-000049,BEN-0013,Photography & Media,active,2025-01-12 00:00:00,OFF-006,
CON-000727,BEN-0182,Data Processing (KDPA Sec. 25),active,2024-11-16 00:00:00,OFF-004,
CON-000523,BEN-0131,Data Processing (KDPA Sec. 25),active,2024-08-05 00:00:00,OFF-004,
CON-000599,BEN-0150,Data Processing (KDPA Sec. 25),active,2024-07-05 00:00:00,OFF-010,
CON-000145,BEN-0037,Photography & Media,active,2025-01-10 00:00:00,OFF-007,
CON-000241,BEN-0061,Photography & Media,withdrawn,2024-11-03 00:00:00,OFF-008,2024-12-08 00:00:00
CON-000740,BEN-0185,Automated SMS/WhatsApp Communications,active,2024-11-30 00:00:00,OFF-013,
CON-000417,BEN-0105,Photography & Media,active,2024-07-17 00:00:00,OFF-012,
CON-000643,BEN-0161,Data Processing (KDPA Sec. 25),active,,OFF-007,
CON-000507,BEN-0127,Data Processing (KDPA Sec. 25),active,2024-07-24 00:00:00,OFF-012,
CON-000695,BEN-0174,Data Processing (KDPA Sec. 25),pending,2024-06-17 00:00:00,OFF-002,
CON-000743,BEN-0186,Data Processing (KDPA Sec. 25),active,20/08/2024,OFF-011,
CON-000776,BEN-0194,Automated SMS/WhatsApp Communications,active,2024-07-18 00:00:00,OFF-012,
CON-000490,BEN-0123,Third-Party Donor Reporting,active,,OFF-012,
CON-000508,BEN-0127,Automated SMS/WhatsApp Communications,active,2024-07-16 00:00:00,OFF-012,
CON-000102,BEN-0026,Third-Party Donor Reporting,active,2024-12-28 00:00:00,OFF-007,
CON-000750,BEN-0188,Third-Party Donor Reporting,active,2024-12-02 00:00:00,OFF-005,
CON-000187,BEN-0047,Data Processing (KDPA Sec. 25),pending,2024-10-26 00:00:00,OFF-008,
CON-000386,BEN-0097,Third-Party Donor Reporting,active,2024-07-21 00:00:00,OFF-010,
CON-000379,BEN-0095,Data Processing (KDPA Sec. 25),active,2024-10-29 00:00:00,OFF-011,
CON-000768,BEN-0192,Automated SMS/WhatsApp Communications,active,2024-10-01 00:00:00,OFF-003,
CON-000035,BEN-0009,Data Processing (KDPA Sec. 25),active,2024-07-31 00:00:00,OFF-005,
CON-000687,BEN-0172,Data Processing (KDPA Sec. 25),expired,2024-06-16 00:00:00,OFF-012,2024-08-01 00:00:00
CON-000091,BEN-0023,Data Processing (KDPA Sec. 25),active,2024-10-16 00:00:00,OFF-002,
CON-000554,BEN-0139,Third-Party Donor Reporting,active,2024-11-30 00:00:00,OFF-003,
CON-000111,BEN-0028,Data Processing (KDPA Sec. 25),active,2024-09-14 00:00:00,OFF-004,
CON-000367,BEN-0092,Data Processing (KDPA Sec. 25),active,2024-08-05 00:00:00,OFF-008,
CON-000592,BEN-0148,Automated SMS/WhatsApp Communications,active,2024-07-24 00:00:00,OFF-012,
CON-000778,BEN-0195,Third-Party Donor Reporting,active,2024-07-26 00:00:00,OFF-002,
CON-000163,BEN-0041,Data Processing (KDPA Sec. 25),active,2024-06-13 00:00:00,OFF-007,
CON-000692,BEN-0173,Automated SMS/WhatsApp Communications,active,2024-08-17 00:00:00,OFF-003,
CON-000170,BEN-0043,Third-Party Donor Reporting,active,2024-09-27 00:00:00,OFF-008,
CON-000058,BEN-0015,Third-Party Donor Reporting,pending,2024-10-21 00:00:00,OFF-012,
CON-000447,BEN-0112,Data Processing (KDPA Sec. 25),active,2024-10-28 00:00:00,OFF-007,
CON-000405,BEN-0102,Photography & Media,expired,2024-07-20 00:00:00,OFF-013,2024-12-22 00:00:00
CON-000790,BEN-0198,Third-Party Donor Reporting,active,2024-10-14 00:00:00,OFF-011,
CON-000549,BEN-0138,Photography & Media,active,2024-07-31 00:00:00,OFF-009,
CON-000733,BEN-0184,Photography & Media,active,2024-12-18 00:00:00,OFF-003,
CON-000566,BEN-0142,Third-Party Donor Reporting,active,2024-07-21 00:00:00,OFF-007,
CON-000041,BEN-0011,Photography & Media,active,2024-11-18 00:00:00,OFF-001,
CON-000377,BEN-0095,Photography & Media,active,,OFF-011,
CON-000346,BEN-0087,Third-Party Donor Reporting,active,2024-10-06 00:00:00,OFF-014,
CON-000112,BEN-0028,Automated SMS/WhatsApp Communications,active,2024-09-12 00:00:00,OFF-004,
CON-000424,BEN-0106,Automated SMS/WhatsApp Communications,active,2024-10-12 00:00:00,OFF-007,
CON-000391,BEN-0098,Data Processing (KDPA Sec. 25),active,2024-06-12 00:00:00,OFF-015,
CON-000600,BEN-0150,Automated SMS/WhatsApp Communications,active,2024-07-06 00:00:00,OFF-010,
CON-000730,BEN-0183,Third-Party Donor Reporting,active,2024-12-15 00:00:00,OFF-014,
CON-000204,BEN-0051,Automated SMS/WhatsApp Communications,pending,2025-01-05 00:00:00,OFF-010,
CON-000381,BEN-0096,Photography & Media,active,2024-07-18 00:00:00,OFF-005,
CON-000559,BEN-0140,Data Processing (KDPA Sec. 25),active,2024-11-04 00:00:00,OFF-015,
CON-000545,BEN-0137,Photography & Media,active,22/09/2024,OFF-002,
CON-000434,BEN-0109,Third-Party Donor Reporting,active,2024-07-26 00:00:00,OFF-006,
CON-000175,BEN-0044,Data Processing (KDPA Sec. 25),active,2025-01-07 00:00:00,OFF-012,
CON-000025,BEN-0007,Photography & Media,active,2024-09-22 00:00:00,OFF-015,
CON-000303,BEN-0076,Data Processing (KDPA Sec. 25),withdrawn,2024-10-06 00:00:00,OFF-015,2025-04-01 00:00:00
CON-000747,BEN-0187,Data Processing (KDPA Sec. 25),pending,2024-10-02 00:00:00,OFF-010,
CON-000265,BEN-0067,Photography & Media,active,2024-08-22 00:00:00,OFF-015,
CON-000366,BEN-0092,Third-Party Donor Reporting,active,2024-07-27 00:00:00,OFF-008,
CON-000168,BEN-0042,Automated SMS/WhatsApp Communications,active,10/07/2024,OFF-004,
CON-000777,BEN-0195,Photography & Media,active,2024-07-30 00:00:00,OFF-002,
CON-000783,BEN-0196,Data Processing (KDPA Sec. 25),active,2024-07-26 00:00:00,OFF-004,
CON-000087,BEN-0022,Data Processing (KDPA Sec. 25),active,2024-10-07 00:00:00,OFF-008,
CON-000661,BEN-0166,Photography & Media,active,2024-10-25 00:00:00,OFF-001,
CON-000159,BEN-0040,Data Processing (KDPA Sec. 25),withdrawn,2024-10-04 00:00:00,OFF-014,2025-02-28 00:00:00
CON-000356,BEN-0089,Automated SMS/WhatsApp Communications,active,2024-10-30 00:00:00,OFF-009,
CON-000373,BEN-0094,Photography & Media,active,2024-06-20 00:00:00,OFF-006,
CON-000194,BEN-0049,Third-Party Donor Reporting,active,2024-12-19 00:00:00,OFF-008,
CON-000360,BEN-0090,Automated SMS/WhatsApp Communications,active,2024-12-28 00:00:00,OFF-001,
CON-000193,BEN-0049,Photography & Media,active,2024-12-16 00:00:00,OFF-008,
CON-000666,BEN-0167,Third-Party Donor Reporting,active,2024-09-28 00:00:00,OFF-013,
CON-000178,BEN-0045,Third-Party Donor Reporting,expired,2024-07-11 00:00:00,OFF-014,2024-10-29 00:00:00
CON-000707,BEN-0177,Data Processing (KDPA Sec. 25),active,2024-11-29 00:00:00,OFF-002,
CON-000172,BEN-0043,Automated SMS/WhatsApp Communications,active,,OFF-008,
CON-000510,BEN-0128,Third-Party Donor Reporting,active,2024-07-04 00:00:00,OFF-003,
CON-000686,BEN-0172,Third-Party Donor Reporting,withdrawn,2024-06-18 00:00:00,OFF-012,2024-10-02 00:00:00
CON-000182,BEN-0046,Third-Party Donor Reporting,active,2024-07-18 00:00:00,OFF-012,
CON-000259,BEN-0065,Data Processing (KDPA Sec. 25),active,2024-09-23 00:00:00,OFF-002,
CON-000119,BEN-0030,Data Processing (KDPA Sec. 25),active,11/09/2024,OFF-011,
CON-000018,BEN-0005,Third-Party Donor Reporting,active,2024-07-05 00:00:00,OFF-004,
CON-000255,BEN-0064,Data Processing (KDPA Sec. 25),expired,26/08/2024,OFF-001,2024-12-10 00:00:00
CON-000275,BEN-0069,Data Processing (KDPA Sec. 25),active,26/11/2024,OFF-015,
CON-000293,BEN-0074,Photography & Media,active,2024-10-24 00:00:00,OFF-010,
CON-000273,BEN-0069,Photography & Media,active,2024-11-17 00:00:00,OFF-015,
CON-000542,BEN-0136,Third-Party Donor Reporting,active,2024-09-03 00:00:00,OFF-008,
CON-000165,BEN-0042,Photography & Media,active,23/07/2024,OFF-004,
CON-000351,BEN-0088,Data Processing (KDPA Sec. 25),active,2024-07-06 00:00:00,OFF-002,
CON-000422,BEN-0106,Third-Party Donor Reporting,active,2024-10-12 00:00:00,OFF-007,
CON-000437,BEN-0110,Photography & Media,active,2024-09-02 00:00:00,OFF-005,
CON-000637,BEN-0160,Photography & Media,active,2024-09-01 00:00:00,OFF-014,
CON-000394,BEN-0099,Third-Party Donor Reporting,active,2024-08-07 00:00:00,OFF-004,
CON-000340,BEN-0085,Automated SMS/WhatsApp Communications,expired,2024-09-30 00:00:00,OFF-012,2025-02-25 00:00:00
CON-000383,BEN-0096,Data Processing (KDPA Sec. 25),active,2024-07-23 00:00:00,OFF-005,
CON-000717,BEN-0180,Photography & Media,pending,2024-11-01 00:00:00,OFF-010,
CON-000125,BEN-0032,Photography & Media,active,2024-07-13 00:00:00,OFF-005,
CON-000120,BEN-0030,Automated SMS/WhatsApp Communications,pending,2024-09-06 00:00:00,OFF-011,
CON-000719,BEN-0180,Data Processing (KDPA Sec. 25),active,2024-11-04 00:00:00,OFF-010,
CON-000130,BEN-0033,Third-Party Donor Reporting,active,2024-07-01 00:00:00,OFF-001,
CON-000653,BEN-0164,Photography & Media,active,2024-12-20 00:00:00,OFF-005,
CON-000083,BEN-0021,Data Processing (KDPA Sec. 25),active,2024-07-03 00:00:00,OFF-004,
CON-000533,BEN-0134,Photography & Media,active,2024-12-29 00:00:00,OFF-003,
CON-000322,BEN-0081,Third-Party Donor Reporting,expired,2024-08-31 00:00:00,OFF-005,2024-10-30 00:00:00
CON-000185,BEN-0047,Photography & Media,active,2024-10-19 00:00:00,OFF-008,
CON-000720,BEN-0180,Automated SMS/WhatsApp Communications,pending,2024-11-10 00:00:00,OFF-010,
CON-000200,BEN-0050,Automated SMS/WhatsApp Communications,active,2024-09-04 00:00:00,OFF-009,
CON-000676,BEN-0169,Automated SMS/WhatsApp Communications,active,2024-12-10 00:00:00,OFF-008,
CON-000190,BEN-0048,Third-Party Donor Reporting,active,2024-06-28 00:00:00,OFF-006,
CON-000488,BEN-0122,Automated SMS/WhatsApp Communications,active,2024-09-01 00:00:00,OFF-005,
CON-000342,BEN-0086,Third-Party Donor Reporting,pending,2024-12-02 00:00:00,OFF-004,
CON-000704,BEN-0176,Automated SMS/WhatsApp Communications,active,26/12/2024,OFF-001,
CON-000233,BEN-0059,Photography & Media,active,,OFF-013,
CON-000027,BEN-0007,Data Processing (KDPA Sec. 25),active,2024-10-02 00:00:00,OFF-015,
CON-000354,BEN-0089,Third-Party Donor Reporting,active,2024-10-26 00:00:00,OFF-009,
CON-000031,BEN-0008,Data Processing (KDPA Sec. 25),active,2024-11-03 00:00:00,OFF-015,
CON-000703,BEN-0176,Data Processing (KDPA Sec. 25),active,2024-12-22 00:00:00,OFF-001,
CON-000092,BEN-0023,Automated SMS/WhatsApp Communications,withdrawn,2024-10-05 00:00:00,OFF-002,2025-02-08 00:00:00
CON-000772,BEN-0193,Automated SMS/WhatsApp Communications,active,2024-11-16 00:00:00,OFF-010,
CON-000598,BEN-0150,Third-Party Donor Reporting,active,2024-07-11 00:00:00,OFF-010,
CON-000331,BEN-0083,Data Processing (KDPA Sec. 25),active,2024-08-29 00:00:00,OFF-001,
CON-000043,BEN-0011,Data Processing (KDPA Sec. 25),active,2024-11-17 00:00:00,OFF-001,
CON-000564,BEN-0141,Automated SMS/WhatsApp Communications,active,2024-12-10 00:00:00,OFF-010,
CON-000452,BEN-0113,Automated SMS/WhatsApp Communications,active,2024-10-13 00:00:00,OFF-007,
CON-000633,BEN-0159,Photography & Media,active,2024-08-31 00:00:00,OFF-009,
CON-000613,BEN-0154,Photography & Media,active,2024-07-31 00:00:00,OFF-005,
CON-000769,BEN-0193,Photography & Media,active,2024-11-14 00:00:00,OFF-010,
CON-000061,BEN-0016,Photography & Media,active,2024-10-03 00:00:00,OFF-008,
CON-000744,BEN-0186,Automated SMS/WhatsApp Communications,active,2024-08-27 00:00:00,OFF-011,
CON-000684,BEN-0171,Automated SMS/WhatsApp Communications,active,2024-12-18 00:00:00,OFF-004,
CON-000197,BEN-0050,Photography & Media,active,2024-09-04 00:00:00,OFF-009,
CON-000579,BEN-0145,Data Processing (KDPA Sec. 25),withdrawn,2024-08-25 00:00:00,OFF-001,2024-10-20 00:00:00
CON-000499,BEN-0125,Data Processing (KDPA Sec. 25),active,2024-12-09 00:00:00,OFF-014,
CON-000411,BEN-0103,Data Processing (KDPA Sec. 25),pending,2024-07-31 00:00:00,OFF-009,
CON-000048,BEN-0012,Automated SMS/WhatsApp Communications,active,2024-11-29 00:00:00,OFF-007,
CON-000007,BEN-0002,Data Processing (KDPA Sec. 25),active,2024-10-07 00:00:00,OFF-009,
CON-000673,BEN-0169,Photography & Media,expired,2024-12-08 00:00:00,OFF-008,2025-03-30 00:00:00
CON-000395,BEN-0099,Data Processing (KDPA Sec. 25),active,2024-08-09 00:00:00,OFF-004,
CON-000388,BEN-0097,Automated SMS/WhatsApp Communications,expired,2024-07-24 00:00:00,OFF-010,2024-12-04 00:00:00
CON-000279,BEN-0070,Data Processing (KDPA Sec. 25),active,2024-08-02 00:00:00,OFF-008,
CON-000301,BEN-0076,Photography & Media,active,25/09/2024,OFF-015,
CON-000735,BEN-0184,Data Processing (KDPA Sec. 25),active,2024-12-29 00:00:00,OFF-003,
CON-000211,BEN-0053,Data Processing (KDPA Sec. 25),active,2024-06-07 00:00:00,OFF-001,
CON-000683,BEN-0171,Data Processing (KDPA Sec. 25),expired,2024-12-18 00:00:00,OFF-004,2025-02-15 00:00:00
CON-000016,BEN-0004,Automated SMS/WhatsApp Communications,active,2024-09-26 00:00:00,OFF-001,
CON-000470,BEN-0118,Third-Party Donor Reporting,active,2024-07-05 00:00:00,OFF-006,
CON-000257,BEN-0065,Photography & Media,active,2024-09-17 00:00:00,OFF-002,
CON-000019,BEN-0005,Data Processing (KDPA Sec. 25),active,2024-07-05 00:00:00,OFF-004,
CON-000288,BEN-0072,Automated SMS/WhatsApp Communications,active,2024-07-22 00:00:00,OFF-001,
CON-000439,BEN-0110,Data Processing (KDPA Sec. 25),active,2024-08-30 00:00:00,OFF-005,
CON-000432,BEN-0108,Automated SMS/WhatsApp Communications,active,2024-11-29 00:00:00,OFF-006,
CON-000651,BEN-0163,Data Processing (KDPA Sec. 25),active,2024-10-16 00:00:00,OFF-006,
CON-000619,BEN-0155,Data Processing (KDPA Sec. 25),active,2024-12-08 00:00:00,OFF-004,
CON-000121,BEN-0031,Photography & Media,active,14/06/2024,OFF-008,
CON-000037,BEN-0010,Photography & Media,active,2024-06-25 00:00:00,OFF-008,
CON-000033,BEN-0009,Photography & Media,active,,OFF-005,
CON-000503,BEN-0126,Data Processing (KDPA Sec. 25),active,2024-12-12 00:00:00,OFF-013,
CON-000228,BEN-0057,Automated SMS/WhatsApp Communications,active,2024-10-08 00:00:00,OFF-012,
CON-000560,BEN-0140,Automated SMS/WhatsApp Communications,active,2024-10-30 00:00:00,OFF-015,
CON-000552,BEN-0138,Automated SMS/WhatsApp Communications,active,2024-07-28 00:00:00,OFF-009,
CON-000403,BEN-0101,Data Processing (KDPA Sec. 25),withdrawn,2024-12-03 00:00:00,OFF-004,2025-04-07 00:00:00
CON-000775,BEN-0194,Data Processing (KDPA Sec. 25),expired,13/07/2024,OFF-012,2025-01-06 00:00:00
CON-000771,BEN-0193,Data Processing (KDPA Sec. 25),active,2024-11-16 00:00:00,OFF-010,
CON-000477,BEN-0120,Photography & Media,pending,2024-12-30 00:00:00,OFF-015,
CON-000402,BEN-0101,Third-Party Donor Reporting,withdrawn,2024-12-10 00:00:00,OFF-004,2025-06-22 00:00:00
CON-000234,BEN-0059,Third-Party Donor Reporting,active,2024-06-16 00:00:00,OFF-013,
CON-000022,BEN-0006,Third-Party Donor Reporting,pending,2024-08-22 00:00:00,OFF-012,
CON-000118,BEN-0030,Third-Party Donor Reporting,active,30/08/2024,OFF-011,
CON-000400,BEN-0100,Automated SMS/WhatsApp Communications,pending,2024-10-20 00:00:00,OFF-001,
CON-000620,BEN-0155,Automated SMS/WhatsApp Communications,active,2024-12-04 00:00:00,OFF-004,
CON-000640,BEN-0160,Automated SMS/WhatsApp Communications,pending,2024-08-31 00:00:00,OFF-014,
CON-000155,BEN-0039,Data Processing (KDPA Sec. 25),active,2024-09-04 00:00:00,OFF-006,
CON-000742,BEN-0186,Third-Party Donor Reporting,active,2024-08-31 00:00:00,OFF-011,
CON-000517,BEN-0130,Photography & Media,active,2024-11-09 00:00:00,OFF-002,
CON-000611,BEN-0153,Data Processing (KDPA Sec. 25),active,2024-06-29 00:00:00,OFF-010,
CON-000440,BEN-0110,Automated SMS/WhatsApp Communications,active,2024-09-08 00:00:00,OFF-005,
CON-000355,BEN-0089,Data Processing (KDPA Sec. 25),active,2024-10-22 00:00:00,OFF-009,
CON-000796,BEN-0199,Automated SMS/WhatsApp Communications,active,2024-12-03 00:00:00,OFF-012,
CON-000582,BEN-0146,Third-Party Donor Reporting,active,2024-07-23 00:00:00,OFF-015,
CON-000143,BEN-0036,Data Processing (KDPA Sec. 25),active,2024-11-01 00:00:00,OFF-012,
CON-000609,BEN-0153,Photography & Media,active,2024-06-29 00:00:00,OFF-010,
CON-000144,BEN-0036,Automated SMS/WhatsApp Communications,active,2024-11-01 00:00:00,OFF-012,
CON-000290,BEN-0073,Third-Party Donor Reporting,active,2024-10-21 00:00:00,OFF-015,
CON-000343,BEN-0086,Data Processing (KDPA Sec. 25),active,2024-11-28 00:00:00,OFF-004,
CON-000129,BEN-0033,Photography & Media,active,2024-07-07 00:00:00,OFF-001,
CON-000512,BEN-0128,Automated SMS/WhatsApp Communications,pending,2024-07-09 00:00:00,OFF-003,
CON-000149,BEN-0038,Photography & Media,active,2024-10-27 00:00:00,OFF-012,
CON-000161,BEN-0041,Photography & Media,active,2024-06-11 00:00:00,OFF-007,
CON-000605,BEN-0152,Photography & Media,active,2024-08-30 00:00:00,OFF-007,
CON-000253,BEN-0064,Photography & Media,active,2024-08-19 00:00:00,OFF-001,
CON-000421,BEN-0106,Photography & Media,active,2024-10-05 00:00:00,OFF-007,
CON-000459,BEN-0115,Data Processing (KDPA Sec. 25),active,2024-10-16 00:00:00,OFF-004,
CON-000011,BEN-0003,Data Processing (KDPA Sec. 25),expired,2024-08-06 00:00:00,OFF-005,2025-02-14 00:00:00
CON-000203,BEN-0051,Data Processing (KDPA Sec. 25),active,2024-12-24 00:00:00,OFF-010,
CON-000515,BEN-0129,Data Processing (KDPA Sec. 25),active,2024-10-12 00:00:00,OFF-003,
CON-000623,BEN-0156,Data Processing (KDPA Sec. 25),active,2024-08-12 00:00:00,OFF-010,
CON-000472,BEN-0118,Automated SMS/WhatsApp Communications,withdrawn,2024-07-05 00:00:00,OFF-006,2024-08-10 00:00:00
CON-000749,BEN-0188,Photography & Media,active,,OFF-005,
CON-000337,BEN-0085,Photography & Media,active,2024-09-21 00:00:00,OFF-012,
CON-000758,BEN-0190,Third-Party Donor Reporting,active,2024-11-28 00:00:00,OFF-004,
CON-000323,BEN-0081,Data Processing (KDPA Sec. 25),expired,2024-09-04 00:00:00,OFF-005,2024-11-27 00:00:00
CON-000285,BEN-0072,Photography & Media,pending,2024-07-16 00:00:00,OFF-001,
CON-000238,BEN-0060,Third-Party Donor Reporting,active,2024-08-24 00:00:00,OFF-012,
CON-000150,BEN-0038,Third-Party Donor Reporting,active,2024-11-02 00:00:00,OFF-012,
CON-000185,BEN-0047,Photography & Media,active,2024-10-19 00:00:00,OFF-008,
CON-000732,BEN-0183,Automated SMS/WhatsApp Communications,pending,2024-12-15 00:00:00,OFF-014,
CON-000295,BEN-0074,Data Processing (KDPA Sec. 25),active,2024-10-15 00:00:00,OFF-010,
CON-000765,BEN-0192,Photography & Media,active,2024-09-26 00:00:00,OFF-003,
CON-000710,BEN-0178,Third-Party Donor Reporting,active,2024-11-22 00:00:00,OFF-005,
CON-000287,BEN-0072,Data Processing (KDPA Sec. 25),active,2024-07-17 00:00:00,OFF-001,
CON-000682,BEN-0171,Third-Party Donor Reporting,pending,2024-12-24 00:00:00,OFF-004,
CON-000389,BEN-0098,Photography & Media,active,2024-06-17 00:00:00,OFF-015,
CON-000202,BEN-0051,Third-Party Donor Reporting,withdrawn,,OFF-010,2025-07-11 00:00:00
CON-000306,BEN-0077,Third-Party Donor Reporting,active,2024-08-01 00:00:00,OFF-003,
CON-000310,BEN-0078,Third-Party Donor Reporting,active,2024-10-19 00:00:00,OFF-015,
CON-000681,BEN-0171,Photography & Media,active,2024-12-22 00:00:00,OFF-004,
CON-000767,BEN-0192,Data Processing (KDPA Sec. 25),active,2024-10-01 00:00:00,OFF-003,
CON-000494,BEN-0124,Third-Party Donor Reporting,active,2024-09-01 00:00:00,OFF-012,
CON-000785,BEN-0197,Photography & Media,active,2024-09-18 00:00:00,OFF-006,
CON-000347,BEN-0087,Data Processing (KDPA Sec. 25),active,2024-09-29 00:00:00,OFF-014,
CON-000056,BEN-0014,Automated SMS/WhatsApp Communications,active,2024-10-06 00:00:00,OFF-013,
CON-000032,BEN-0008,Automated SMS/WhatsApp Communications,active,2024-10-26 00:00:00,OFF-015,
CON-000544,BEN-0136,Automated SMS/WhatsApp Communications,active,2024-09-12 00:00:00,OFF-008,
CON-000574,BEN-0144,Third-Party Donor Reporting,withdrawn,2024-08-26 00:00:00,OFF-011,2025-02-08 00:00:00
CON-000781,BEN-0196,Photography & Media,active,2024-07-22 00:00:00,OFF-004,
CON-000483,BEN-0121,Data Processing (KDPA Sec. 25),active,2024-11-29 00:00:00,OFF-013,
CON-000688,BEN-0172,Automated SMS/WhatsApp Communications,active,2024-06-23 00:00:00,OFF-012,
CON-000031,BEN-0008,Data Processing (KDPA Sec. 25),active,2024-11-03 00:00:00,OFF-015,
CON-000788,BEN-0197,Automated SMS/WhatsApp Communications,active,2024-09-24 00:00:00,OFF-006,
CON-000622,BEN-0156,Third-Party Donor Reporting,active,2024-08-18 00:00:00,OFF-010,
CON-000760,BEN-0190,Automated SMS/WhatsApp Communications,active,2024-11-24 00:00:00,OFF-004,
CON-000316,BEN-0079,Automated SMS/WhatsApp Communications,withdrawn,2024-12-26 00:00:00,OFF-002,2025-06-27 00:00:00
CON-000315,BEN-0079,Data Processing (KDPA Sec. 25),active,2024-12-21 00:00:00,OFF-002,
CON-000179,BEN-0045,Data Processing (KDPA Sec. 25),active,2024-07-10 00:00:00,OFF-014,
CON-000038,BEN-0010,Third-Party Donor Reporting,active,2024-06-26 00:00:00,OFF-008,
CON-000338,BEN-0085,Third-Party Donor Reporting,active,2024-10-02 00:00:00,OFF-012,
CON-000562,BEN-0141,Third-Party Donor Reporting,active,2024-12-21 00:00:00,OFF-010,
CON-000186,BEN-0047,Third-Party Donor Reporting,active,30/10/2024,OFF-008,
CON-000107,BEN-0027,Data Processing (KDPA Sec. 25),active,2024-10-16 00:00:00,OFF-004,
CON-000235,BEN-0059,Data Processing (KDPA Sec. 25),active,2024-06-16 00:00:00,OFF-013,
CON-000454,BEN-0114,Third-Party Donor Reporting,active,2024-09-06 00:00:00,OFF-006,
CON-000085,BEN-0022,Photography & Media,active,2024-10-05 00:00:00,OFF-008,
CON-000436,BEN-0109,Automated SMS/WhatsApp Communications,active,2024-07-31 00:00:00,OFF-006,
CON-000047,BEN-0012,Data Processing (KDPA Sec. 25),active,2024-11-25 00:00:00,OFF-007,
CON-000636,BEN-0159,Automated SMS/WhatsApp Communications,active,2024-08-28 00:00:00,OFF-009,
CON-000392,BEN-0098,Automated SMS/WhatsApp Communications,active,2024-06-04 00:00:00,OFF-015,
CON-000573,BEN-0144,Photography & Media,active,2024-08-24 00:00:00,OFF-011,
CON-000283,BEN-0071,Data Processing (KDPA Sec. 25),active,2024-08-02 00:00:00,OFF-005,
CON-000588,BEN-0147,Automated SMS/WhatsApp Communications,active,2024-11-17 00:00:00,OFF-010,
CON-000370,BEN-0093,Third-Party Donor Reporting,expired,12/11/2024,OFF-013,2025-04-15 00:00:00
CON-000629,BEN-0158,Photography & Media,active,2024-06-22 00:00:00,OFF-014,
CON-000245,BEN-0062,Photography & Media,active,2024-07-09 00:00:00,OFF-014,
CON-000524,BEN-0131,Automated SMS/WhatsApp Communications,active,2024-08-04 00:00:00,OFF-004,
CON-000519,BEN-0130,Data Processing (KDPA Sec. 25),active,10/11/2024,OFF-002,
CON-000576,BEN-0144,Automated SMS/WhatsApp Communications,active,2024-09-02 00:00:00,OFF-011,
CON-000006,BEN-0002,Third-Party Donor Reporting,active,2024-10-10 00:00:00,OFF-009,
CON-000089,BEN-0023,Photography & Media,active,2024-10-05 00:00:00,OFF-002,
CON-000568,BEN-0142,Automated SMS/WhatsApp Communications,active,2024-07-16 00:00:00,OFF-007,
CON-000492,BEN-0123,Automated SMS/WhatsApp Communications,active,2024-11-01 00:00:00,OFF-012,
CON-000696,BEN-0174,Automated SMS/WhatsApp Communications,active,2024-06-10 00:00:00,OFF-002,
CON-000530,BEN-0133,Third-Party Donor Reporting,active,2024-10-30 00:00:00,OFF-007,
CON-000332,BEN-0083,Automated SMS/WhatsApp Communications,active,2024-09-09 00:00:00,OFF-001,
CON-000364,BEN-0091,Automated SMS/WhatsApp Communications,active,2024-11-07 00:00:00,OFF-003,
CON-000291,BEN-0073,Data Processing (KDPA Sec. 25),active,2024-10-20 00:00:00,OFF-015,
CON-000617,BEN-0155,Photography & Media,active,2024-12-15 00:00:00,OFF-004,
CON-000774,BEN-0194,Third-Party Donor Reporting,withdrawn,2024-07-18 00:00:00,OFF-012,2024-12-10 00:00:00
CON-000154,BEN-0039,Third-Party Donor Reporting,active,2024-09-03 00:00:00,OFF-006,
CON-000412,BEN-0103,Automated SMS/WhatsApp Communications,withdrawn,2024-07-23 00:00:00,OFF-009,2024-11-21 00:00:00
CON-000410,BEN-0103,Third-Party Donor Reporting,active,2024-07-28 00:00:00,OFF-009,
CON-000152,BEN-0038,Automated SMS/WhatsApp Communications,active,,OFF-012,
CON-000797,BEN-0200,Photography & Media,active,2024-08-03 00:00:00,OFF-011,
CON-000045,BEN-0012,Photography & Media,active,2024-12-06 00:00:00,OFF-007,
CON-000359,BEN-0090,Data Processing (KDPA Sec. 25),active,2024-12-20 00:00:00,OFF-001,
CON-000128,BEN-0032,Automated SMS/WhatsApp Communications,active,2024-07-16 00:00:00,OFF-005,
CON-000059,BEN-0015,Data Processing (KDPA Sec. 25),active,2024-10-16 00:00:00,OFF-012,
CON-000610,BEN-0153,Third-Party Donor Reporting,active,2024-06-24 00:00:00,OFF-010,
CON-000036,BEN-0009,Automated SMS/WhatsApp Communications,active,2024-08-03 00:00:00,OFF-005,
CON-000463,BEN-0116,Data Processing (KDPA Sec. 25),active,2024-12-06 00:00:00,OFF-002,
CON-000475,BEN-0119,Data Processing (KDPA Sec. 25),active,2024-08-15 00:00:00,OFF-010,
CON-000075,BEN-0019,Data Processing (KDPA Sec. 25),active,2024-12-12 00:00:00,OFF-001,
CON-000416,BEN-0104,Automated SMS/WhatsApp Communications,active,2024-11-08 00:00:00,OFF-007,
CON-000722,BEN-0181,Third-Party Donor Reporting,active,2024-06-19 00:00:00,OFF-013,
CON-000098,BEN-0025,Third-Party Donor Reporting,active,2024-12-06 00:00:00,OFF-009,
CON-000026,BEN-0007,Third-Party Donor Reporting,active,2024-10-02 00:00:00,OFF-015,
CON-000484,BEN-0121,Automated SMS/WhatsApp Communications,pending,2024-12-03 00:00:00,OFF-013,
CON-000671,BEN-0168,Data Processing (KDPA Sec. 25),withdrawn,2024-07-07 00:00:00,OFF-013,2024-11-27 00:00:00
CON-000737,BEN-0185,Photography & Media,active,2024-12-01 00:00:00,OFF-013,
CON-000199,BEN-0050,Data Processing (KDPA Sec. 25),active,2024-09-04 00:00:00,OFF-009,
CON-000726,BEN-0182,Third-Party Donor Reporting,active,2024-11-21 00:00:00,OFF-004,
CON-000675,BEN-0169,Data Processing (KDPA Sec. 25),active,2024-12-13 00:00:00,OFF-008,
CON-000134,BEN-0034,Third-Party Donor Reporting,active,2024-10-06 00:00:00,OFF-009,
CON-000195,BEN-0049,Data Processing (KDPA Sec. 25),pending,2024-12-14 00:00:00,OFF-008,
CON-000345,BEN-0087,Photography & Media,active,2024-10-03 00:00:00,OFF-014,
CON-000648,BEN-0162,Automated SMS/WhatsApp Communications,active,26/11/2024,OFF-011,
CON-000768,BEN-0192,Automated SMS/WhatsApp Communications,active,2024-10-01 00:00:00,OFF-003,
CON-000716,BEN-0179,Automated SMS/WhatsApp Communications,active,2024-11-17 00:00:00,OFF-001,
CON-000607,BEN-0152,Data Processing (KDPA Sec. 25),active,2024-08-21 00:00:00,OFF-007,
CON-000216,BEN-0054,Automated SMS/WhatsApp Communications,active,2024-08-14 00:00:00,OFF-003,
CON-000644,BEN-0161,Automated SMS/WhatsApp Communications,active,2024-12-24 00:00:00,OFF-007,
