beneficiary_id,beneficiary_name,officer_id,pillar_id,guardian_name,registered_address,mobile_money_number,enrollment_date,is_active
BEN-0102,Brianna Jackson,OFF-013,Plus,Gail Welch,"25355 Page Rapids, Nelsonmouth, WI 48101",249.854.5089x2038,2024-12-17,True
BEN-0003,Laura Mckinney,OFF-005,Tech,Brian Smith,"516 John Radial Suite 816, Juliebury, MA 22538",581-388-3552,27/07/2024,True
BEN-0072,Michael Smith,OFF-001,Vocational,Brian Meyer,"1891 Wilson Coves, Gonzalezborough, WI 34972",235.364.2087x37530,,True
BEN-0055,Jessica Ramsey,OFF-015,Tech,James Simmons MD,"PSC 4472, Box 0999, APO AE 85341",576-287-0146x2638,2024-10-27,True
BEN-0126,Rebecca Brewer,OFF-013,Vocational,Mr. Steven Herrera,"084 Peters Brook Apt. 955, East Juantown, MA 49684",249.854.5089x2038,2024-12-15,True
BEN-0030,Heather Green,OFF-011,Scholarship,Kathleen Garcia,"Unit 7535 Box 5609, DPO AE 97658",(504)789-9642,2024-08-29,True
BEN-0029,Gary Miller,OFF-006,Vocational,Jacob Nichols,"6990 Jacob Trace, South Jason, PW 44143",603-831-7393x6385,2024-11-29,True
BEN-0121,Victoria Williams,OFF-013,Plus,Phillip Estes,"4472 Phillips Center Apt. 771, East Kimberlyside, DC 52021",249.854.5089x2038,17/12/2024,True
BEN-0039,Raymond Chapman,OFF-006,Vocational,Haley Johnson,"12545 Mueller Pike Suite 571, Bowenmouth, MD 09305",801-905-1238x2825,2024-08-30,True
BEN-0069,Lauren Blackburn,OFF-015,Tech,Steve Mason,"460 Derrick Flats Suite 697, West Michelle, HI 11093",352.450.0743x2927,16/11/2024,True
BEN-0130,Sonya Chavez,OFF-002,Vocational,John Bell,"5992 Richard Station, West Angelaland, WY 40100",+1-476-996-3938,2024-10-28,True
BEN-0087,Raymond Tucker,OFF-014,Plus,Matthew Miller,"341 Patricia Vista, Port Bonniefurt, WI 77838",249.854.5089x2038,2024-12-17,True
BEN-0144,Christopher Davis,OFF-011,Scholarship,Stacie Butler,"232 Mills Loop Apt. 290, Lake Vincent, CO 82708",556-908-3318x1958,2024-08-20,True
BEN-0006,Maria Jones,OFF-012,Vocational,Michael Mitchell,"1925 Ponce Square, Andersonland, ME 73760",(752)981-6850x5423,2024-08-14,True
BEN-0019,Andrew Williams,OFF-001,Plus,Regina Stone,"9526 Wheeler Parkways, Ericksonport, NJ 02681",(551)269-4097x499,,True
BEN-0198,Joseph Simpson,OFF-011,Vocational,Amanda Griffith,"750 Lee Common Apt. 361, East Frank, ME 08738",+1-710-276-0954x3173,08/10/2024,True
BEN-0128,Mary Edwards,OFF-003,Tech,Emily Mcclain,"4857 Joseph Estate, Dannyside, NY 13919",585.485.4249,2024-06-28,True
BEN-0024,Adriana Reyes,OFF-014,Plus,Derek Rivera,"5301 Parker Lodge, Hannahport, MN 81061",249.854.5089x2038,2024-12-05,True
BEN-0122,Angela Zimmerman,OFF-005,Vocational,Vanessa Salazar,"25922 Harold Station Apt. 644, Robertsburgh, DE 17746",209.940.7778,2024-09-01,True
BEN-0089,David Barnett,OFF-009,Vocational,Rebecca Hughes,"PSC 0051, Box 8449, APO AP 75233",(566)859-1846,2024-10-16,True
BEN-0111,Chelsey Fox,OFF-002,Scholarship,Mario White,"195 Park Meadow Apt. 228, Wagnerburgh, ND 79133",555.885.5665x939,2024-12-31,True
BEN-0143,Kurt Gilbert,OFF-012,Scholarship,Dale Rogers,"1982 Copeland Underpass Apt. 092, Bryanview, FL 99794",(225)982-7390x21962,2024-07-02,True
BEN-0090,Haley Sparks,OFF-001,Vocational,Adriana Macias,"84322 Michael Stravenue, Lake Jerrymouth, VA 15356",477.439.2603x0299,2024-12-17,True
BEN-0066,Kayla Hancock,OFF-007,Vocational,Melanie Wells,"034 Marquez Station, Rodneyfurt, PR 46207",743.674.8969x108,2024-09-24,True
BEN-0101,Tara Scott,OFF-004,Scholarship,Bryan Dillon,"USNS Ray, FPO AP 85583",+1-824-655-8771,2024-11-28,True
BEN-0165,Deborah Dominguez,OFF-008,Tech,Victoria Gray,"1357 Jackson Hills, Taraborough, NM 83789",583-344-0496,2024-07-07,True
BEN-0051,Vicki Finley,OFF-010,Vocational,John Campbell,"87053 Elliott Hollow Apt. 759, Cuevasborough, VA 72139",001-332-506-0385x05064,2024-12-23,True
BEN-0158,Audrey Anderson,OFF-014,Scholarship,Gregory Vazquez,"852 Johnson Via Apt. 322, West David, DC 10803",249.854.5089x2038,2024-12-09,True
BEN-0103,Timothy Kennedy,OFF-009,Plus,Randy Warren,"Unit 1492 Box 1643, DPO AE 97178",672-928-2005x5778,2024-07-23,True
BEN-0013,Jacqueline Hines,OFF-006,Tech,Kendra Sanders,"02786 Jose Green, Lewisport, UT 64883",712.317.2715,2024-12-31,True
BEN-0048,Bonnie Valencia,OFF-006,Tech,Holly Vega,"91043 Sandra Turnpike, Hunterhaven, WI 54952",(761)888-9241x41832,2024-06-26,True
BEN-0176,Zachary Gallagher,OFF-001,Scholarship,Samuel Sandoval,"20320 Green Squares, Grahamfort, AZ 58371",(487)477-1215x134,2024-12-15,True
BEN-0076,Bryan Jimenez,OFF-015,Vocational,Ashley Gutierrez,"99488 Diamond Motorway, Michaelton, GU 29719",758.799.7571x130,2024-09-22,True
BEN-0195,Bryce Taylor,OFF-002,Scholarship,Diana Reynolds,"547 Sanchez Islands Suite 379, Allenberg, SD 00769",+1-270-902-6876x811,2024-07-18,True
BEN-0025,Linda Cobb,OFF-009,Plus,Kelsey Cox,"PSC 1088, Box 3982, APO AE 43508",971.239.7187x07286,2024-11-27,True
BEN-0107,Caitlin Chandler,OFF-002,Plus,Krista Martinez,"50313 Nguyen Expressway Suite 916, North Tanya, OR 91039",792.451.3271x9500,26/12/2024,True
BEN-0181,Christopher Woods,OFF-013,Tech,Sheila Church,"9956 Miller Dale Apt. 310, Port Anthony, NJ 85517",249.854.5089x2038,2024-12-15,True
BEN-0139,Larry Bennett,OFF-003,Vocational,Maria Pratt,"244 Guerrero Club, Livingstonview, WI 56466",001-654-421-4066x504,2024-11-19,True
BEN-0173,Maria Sims,OFF-003,Tech,Valerie Gonzalez,"69694 Christopher Land, New David, VT 69423",(577)613-3344x76263,2024-08-13,True
BEN-0109,Dennis Richardson,OFF-006,Tech,Mark Gray,"593 Le Shoals, Leefort, WI 72782",(394)256-5118,2024-07-21,True
BEN-0032,Juan Smith,OFF-005,Vocational,Denise Madden,"11823 Christine Glen Suite 461, Susanmouth, OK 32378",001-234-410-1666x870,2024-07-03,True
BEN-0035,Philip Garcia,OFF-008,Plus,Jeffrey Hawkins,"15819 Shields Bridge, Robertland, VA 73840",698.926.2244,2024-07-27,True
BEN-0104,Melissa Thompson,OFF-007,Plus,Lynn Fields,"7831 Parker Loop Suite 240, New Lisaberg, MI 38087",780.577.4064x9308,2024-11-07,True
BEN-0156,Maxwell Roberts,OFF-010,Scholarship,Terry Newman,"1959 Cunningham Ways Suite 715, Port Jordanshire, AR 19655",372-552-0456x50448,2024-08-11,True
BEN-0012,Lance Short,OFF-007,Plus,Erica Miller,"9627 West Stream Suite 964, North Emilyfurt, MN 67752",001-220-429-7021x3556,2024-11-22,True
BEN-0062,Jennifer Nichols,OFF-014,Tech,Karen Keith,"0898 David Throughway, Thompsonburgh, IL 25761",249.854.5089x2038,2024-12-02,True
BEN-0145,Cory Hogan,OFF-001,Vocational,Tracy Wells,"54364 Jensen Trace, Williamston, ND 23554",(707)881-1379,2024-08-17,True
BEN-0053,John Russell,OFF-001,Plus,Traci Clark,"12490 Mary Islands Apt. 135, Palmerport, KS 23290",4673883171,2024-06-05,True
BEN-0146,Stephanie Hall,OFF-015,Scholarship,Darren Young,"3179 Brown Mews, East Sarah, NH 23839",(652)473-5435x2090,2024-07-14,True
BEN-0071,Steven Howard,OFF-005,Plus,Travis Hull,"23098 David Station, South Nancyview, WI 70589",+1-609-901-0016x761,,True
BEN-0050,Carol Moore,OFF-009,Scholarship,Stephanie Craig,"03075 Mora Fall, New Lindachester, IN 42680",265.441.9518,2024-08-26,True
BEN-0191,Brittany Luna,OFF-012,Vocational,Mario Hanson,"8074 Michelle Station Apt. 948, Lake Anitaborough, RI 71520",001-409-283-7801,2024-09-15,True
BEN-0193,Francisco Gutierrez,OFF-010,Tech,James Carey,"99378 Avery Grove, West Stevenchester, CA 63962",4636048913,05/11/2024,True
BEN-0105,Jessica Wright,OFF-012,Scholarship,Maria Clayton,"3894 Wong Place, Robertland, HI 18408",217-497-4973x5020,2024-07-10,True
BEN-0189,Michael Poole,OFF-002,Tech,Antonio Beasley,"58698 Wiggins Prairie Suite 677, Colonberg, NY 17163",372.888.1377x0285,2024-07-13,True
BEN-0028,Patricia Cardenas,OFF-004,Vocational,Shawn Odom,"4089 Connie Meadow Suite 056, Heatherchester, FL 39807",(428)873-3427x0866,2024-09-03,True
BEN-0183,Kristen Adams,OFF-014,Scholarship,Stacy Wilson,"6024 Taylor Mill Apt. 839, Sandramouth, DC 38956",249.854.5089x2038,2024-12-08,True
BEN-0023,Ashley Bird,OFF-002,Plus,William Daniels,"743 Mark Street, Wongburgh, AL 97050",449-932-9668x51612,2024-10-04,True
BEN-0077,Jacqueline Rodriguez,OFF-003,Scholarship,Katherine Underwood,"49331 Lewis Views Apt. 516, Lake Maryshire, DE 59549",498.427.0808x697,2024-07-20,True
BEN-0151,Christopher Mullen,OFF-013,Vocational,Christopher Rodriguez,"80468 Thomas Manor, Rojastown, LA 25281",249.854.5089x2038,2024-12-17,True
BEN-0164,Lauren Hubbard,OFF-005,Scholarship,Jamie Patterson,"Unit 6503 Box 3349, DPO AE 90677",941-852-0850,2024-12-17,True
BEN-0114,Brittany Shaw,OFF-006,Scholarship,Anthony Dennis,"981 Ryan Turnpike Suite 225, South Ashleyton, OH 52823",516-586-2278x376,2024-09-03,True
BEN-0080,Rebecca Roberts,OFF-013,Vocational,Tammy Hughes,"USNV Church, FPO AE 02200",249.854.5089x2038,2024-12-09,True
BEN-0186,Kelli Fleming,OFF-011,Vocational,Jessica Carrillo,"55626 Phillip Camp, New Brian, SC 94003",+1-884-966-8455x04892,,True
BEN-0147,Judy Jackson,OFF-010,Vocational,Stephen Munoz,"831 Vincent Overpass, New Thomas, NH 37092",4632356939,2024-11-10,True
BEN-0170,Samantha Smith,OFF-006,Plus,Lisa Skinner,"348 Parker Squares, Rebeccaville, ND 31484",760.864.4134x327,2024-06-14,True
BEN-0192,Danielle Thornton,OFF-003,Plus,Jill Roman,"070 Kim Mall Apt. 856, Christopherville, ND 22541",222-241-2462x0952,2024-09-24,True
BEN-0136,Jonathan York,OFF-008,Vocational,Casey Campbell,"192 Donna Land, West Kimberly, IA 64060",(880)851-2927,2024-09-01,True
BEN-0063,James Nguyen,OFF-007,Tech,Jimmy Marks,"62299 Sara Port Apt. 485, Bakerfort, OK 80318",202.946.2996x0653,2024-09-13,True
BEN-0052,Mrs. Tonya Kaufman,OFF-006,Vocational,Douglas Williams,"571 William Route Suite 199, South Elaineberg, IA 38731",356-455-7431x329,2024-07-12,True
BEN-0187,Lori Montgomery,OFF-010,Tech,Gregory Cain,"1085 Hardy Streets, New Victoria, LA 28515",688-548-5200,2024-09-27,True
BEN-0010,Aaron Gomez,OFF-008,Tech,Chelsea Barnett,"88888 Peter Mountains Apt. 654, West Kristinastad, IA 96569",+1-319-952-0585x27722,2024-06-15,True
BEN-0017,Shannon Hester,OFF-007,Scholarship,Jacob Hoffman,"47321 Kelly Lights Suite 325, Jamesburgh, NM 67967",774.270.1687x339,2024-06-20,True
BEN-0138,Derek Garcia,OFF-009,Scholarship,Jeanne Mejia,"525 Emily Village, North Roberthaven, CT 90350",553.344.3009x109,2024-07-17,True
BEN-0031,Roy Porter,OFF-008,Vocational,Melinda Scott,"2522 White Plains Apt. 801, Port Adamberg, MP 83168",912.903.8750,2024-06-07,True
BEN-0026,Elizabeth Johnson,OFF-007,Tech,Aaron Robinson,"1801 Johnson Lodge Apt. 265, Westfurt, MS 11019",+1-982-851-2868x23004,2024-12-24,True
BEN-0175,Manuel Turner,OFF-002,Vocational,Jacob Donaldson,"2875 Anderson Island, Thomasville, MD 06289",(774)856-4494,2024-08-04,True
BEN-0065,Christina Brown,OFF-002,Plus,Anthony Ward,"8610 Nathan Ranch Suite 279, Maxview, WA 90790",540-560-2933,2024-09-13,True
BEN-0073,Maureen Hernandez,OFF-015,Scholarship,Jorge Cummings,"374 Marshall Courts Apt. 045, Ronaldville, CT 99880",3027255794,2024-10-12,True
BEN-0174,Jason Thomas,OFF-002,Plus,Dennis Williamson,"PSC 5971, Box 0725, APO AP 52609",+1-736-269-4118x00537,2024-06-03,True
BEN-0032,Juan Smith,OFF-005,Vocational,Denise Madden,"11823 Christine Glen Suite 461, Susanmouth, OK 32378",001-234-410-1666x870,2024-07-03,True
BEN-0083,Bradley Davis,OFF-001,Plus,Patricia Ferguson,"361 Amanda Squares, Lucasland, WA 90422",(607)350-1102,2024-08-28,True
BEN-0129,Steven Fernandez,OFF-003,Tech,Allen Berger,"16629 Jensen Inlet Suite 381, Bradleyland, GU 92067",817.447.7332x945,2024-10-07,True
BEN-0108,Beth Hall,OFF-006,Vocational,Dr. Nicole Trujillo,"65240 Mann Points, Amyfort, ID 74779",(385)457-4982,2024-11-22,True
BEN-0045,Walter Summers,OFF-014,Scholarship,Frank Campbell MD,"0017 David Walks Apt. 770, Harrisberg, FM 85697",249.854.5089x2038,2024-12-16,True
BEN-0134,Cody Jacobs,OFF-003,Scholarship,Sarah Young,"950 Ashley Squares Suite 197, East Jessicahaven, PR 98881",001-247-781-8913x71894,2024-12-25,True
BEN-0140,William Gonzalez,OFF-015,Plus,Matthew Rodriguez,"91741 Charles Ports Suite 707, Lake Danielle, AZ 87612",(542)256-9087x7661,2024-10-28,True
BEN-0102,Brianna Jackson,OFF-013,Plus,Gail Welch,"25355 Page Rapids, Nelsonmouth, WI 48101",249.854.5089x2038,2024-12-17,True
BEN-0120,Jason Novak,OFF-015,Plus,Tiffany Walker,"12797 Delacruz Gateway, Sullivanton, PA 96882",(256)599-9880x8177,2024-12-19,True
BEN-0099,Daniel Carpenter,OFF-004,Scholarship,Louis Green,"7955 Victor Fords, Haynesstad, MN 53007",872-592-9314x386,2024-07-27,True
BEN-0049,Jeffrey Ashley,OFF-008,Scholarship,David Middleton,"2102 Frank Key, Garyberg, WA 35728",001-710-256-4814x9177,2024-12-12,True
BEN-0116,Joshua Harris,OFF-002,Plus,Deanna Webb,"069 Jonathan Circle, Jamesview, AR 61444",+1-301-764-5104x6368,2024-12-06,True
BEN-0084,Jennifer Hayes,OFF-008,Scholarship,Eugene Price,"919 Jaclyn Cliffs, Sarahville, LA 90400",891-647-6607x2832,2024-07-26,True
BEN-0115,Ricardo Morris,OFF-004,Plus,Ann Powers,"55904 Vanessa Ridges Suite 927, Port Jesusstad, FL 99818",001-911-203-9240x5147,2024-10-07,True
BEN-0199,Cynthia Jones,OFF-012,Tech,Jessica Davis,"00651 Bryan Unions, Brownchester, CA 13847",+1-908-804-6619x63990,2024-11-28,True
BEN-0022,Kiara Little,OFF-008,Scholarship,Jason Love,"82677 Katelyn Heights, Justinton, PW 12226",+1-293-280-2620x6724,2024-09-24,True
BEN-0137,Molly Jackson,OFF-002,Vocational,Sarah Brown,"27674 Reese Terrace, South Frances, MS 62706",728-860-4765x801,2024-09-14,True
BEN-0018,Kyle Cameron,OFF-008,Tech,Donna Smith,"5650 Williams Points, West Angela, CA 51140",478.549.9121x65585,2024-12-15,True
BEN-0153,Amanda Stewart,OFF-010,Vocational,Jake Fernandez,"06727 Moore Streets Suite 474, Port Annette, PW 58448",317-702-8140x69375,2024-06-22,True
BEN-0149,Jennifer Clarke,OFF-005,Vocational,John Schultz,"5804 Mullins Square, Port Gail, RI 44501",001-408-350-1657x9055,2024-08-19,True
BEN-0123,Matthew Chavez,OFF-012,Tech,Kyle Smith,"830 Eddie Shoal Suite 020, Markland, AR 14773",(622)749-9982x79501,2024-10-22,True
BEN-0180,Matthew Carroll,OFF-010,Scholarship,David Miller,"722 Williams Mall, Leemouth, WV 88353",294.252.3219x416,2024-11-01,True
BEN-0043,Martha Wright,OFF-008,Scholarship,Amanda Baker,"1339 Callahan Ridge, Martinberg, WY 27583",709.658.4982,2024-09-21,True
BEN-0166,Denise Knight,OFF-001,Plus,Jessica Reed,"468 Gonzalez Locks Suite 987, North Courtney, NC 24951",001-273-574-8969,2024-10-20,True
BEN-0152,Carlos Clarke,OFF-007,Vocational,David Washington,"Unit 0254 Box 7292, DPO AP 70666",722-422-3105x9274,2024-08-19,True
BEN-0016,Kristy Bryan,OFF-008,Vocational,Angel May,"690 Small Plains, Dawnport, NJ 32597",+1-464-771-0276x77359,2024-10-03,True
BEN-0133,Cole Cruz,OFF-007,Scholarship,Sara Moore,"Unit 2201 Box 0276, DPO AE 11598",(867)996-9278,2024-10-28,True
BEN-0141,Sabrina Olson,OFF-010,Plus,Taylor Howard,"15851 Hodges Highway Apt. 280, Guerreroport, UT 51632",257-517-3203,2024-12-07,True
BEN-0015,Joanna Frazier,OFF-012,Vocational,Shawn Deleon,"68018 Kevin Estates, Sarahbury, MI 68513",414-438-4249x8182,2024-10-10,True
BEN-0046,John Anderson,OFF-012,Tech,Michael Smith,"2713 Davis Valley, North Lawrenceport, DC 50665",001-922-518-9092x75326,2024-07-04,True
BEN-0106,Calvin Gonzales,OFF-007,Scholarship,Brandon Smith,"7570 Miller Terrace Apt. 046, New Theodoreborough, MH 33279",(901)836-7303x7183,2024-09-30,True
BEN-0125,Veronica Smith,OFF-014,Vocational,Mario Wilson,"0558 Alex Flats Suite 414, Williammouth, WI 01304",249.854.5089x2038,2024-12-12,True
BEN-0179,Karen Hart,OFF-001,Tech,Peter Shepherd,"610 Mcpherson Springs Apt. 278, West Taylorland, PW 63102",322-843-8649x0810,2024-11-08,True
BEN-0171,Bobby Chan,OFF-004,Plus,Norman House MD,"48156 Chavez Burgs, Lake Darlenemouth, WY 84531",(406)534-5911,2024-12-18,True
BEN-0014,Stephanie York,OFF-013,Scholarship,Tammy Little,"32370 Spencer Land, Laraside, DC 80710",249.854.5089x2038,2024-12-09,True
BEN-0061,Daniel Little,OFF-008,Scholarship,Kara Wilson,"4186 Nathan Light Suite 270, Scottview, IN 35701",001-502-211-5869,2024-10-29,True
BEN-0161,Donna Wyatt,OFF-007,Scholarship,Benjamin Randall,"07167 David Locks Suite 912, West Theresamouth, ID 78483",(813)967-4994x6579,2024-12-16,True
BEN-0197,Laura Snyder,OFF-006,Plus,Mary Knight,"92124 Nicole Stream, Jamestown, UT 89333",+1-894-887-0605,2024-09-15,True
BEN-0110,Andre Rodriguez,OFF-005,Vocational,Andres May,"994 Michael Rest Apt. 037, South Laurieton, MN 73641",001-365-309-4801x4138,2024-08-29,True
BEN-0095,Tara Morales,OFF-011,Tech,Donna Stuart,"770 Melissa Unions, Jameshaven, NC 92048",692.805.3021,2024-10-16,True
BEN-0148,Amanda Ruiz,OFF-012,Plus,Amanda Schmidt,"7318 Heather Lodge, East Michael, IA 85388",907-942-7990,,True
BEN-0021,Diana Evans,OFF-004,Vocational,Vickie Wise,"7584 Martinez Springs Suite 652, Bobbyland, MI 58484",+1-547-533-8484x2199,2024-06-20,True
BEN-0159,Michael Webster,OFF-009,Plus,Tamara Harris,"PSC 2501, Box 2495, APO AA 21545",293.389.1190x83342,2024-08-23,True
BEN-0040,Lori Lopez,OFF-014,Scholarship,Jennifer Mclaughlin,"660 Jamie Terrace Apt. 918, West Mark, NH 15437",249.854.5089x2038,2024-12-05,True
BEN-0070,Jennifer Sanford,OFF-008,Scholarship,Andrew Gonzalez,"8300 Jeremy Wells, Larryville, MS 66474",001-742-810-4478,2024-07-22,True
BEN-0163,Barbara Cole,OFF-006,Scholarship,Jessica Johnson,"276 Larry Loaf Suite 197, Alvarezburgh, NY 07806",(447)796-9545x0090,2024-10-14,True
BEN-0155,Linda Thomas,OFF-004,Vocational,William Fox,"06462 Page Throughway Apt. 326, Angelaton, GU 40083",001-647-687-3002,2024-12-01,True
BEN-0150,George Fernandez,OFF-010,Vocational,Nancy Goodwin,"355 Gordon Manors, Brianstad, MI 59799",988.317.8847x9513,2024-07-02,True
BEN-0162,Randy Rodriguez,OFF-011,Scholarship,Jonathan Fuller,"017 Teresa Light, Ericville, WV 10530",+1-287-273-4778x48588,2024-11-15,True
BEN-0167,David Francis,OFF-013,Plus,Sarah Jenkins,"364 Lucas Glens, South John, FL 25655",249.854.5089x2038,2024-12-14,True
BEN-0001,Michael Parker,OFF-008,Tech,Aaron Kane,"20183 Barnes Junctions Apt. 545, North Ericton, TX 11194",876-379-7643x815,2024-09-19,True
BEN-0007,Chad Jones,OFF-015,Vocational,Ashley Wise,"592 Moore Falls, Lake Samuel, MT 48250",+1-937-994-7383x47359,2024-09-18,True
BEN-0094,Jennifer Bowers,OFF-006,Plus,Mr. Justin King,"621 Sean Squares Apt. 138, Hartmanside, RI 91865",+1-702-360-1279x61143,2024-06-15,True
BEN-0008,Kathryn Barnes,OFF-015,Plus,Curtis Jacobs,"758 Jennifer Path, West Christopherburgh, KY 59394",826.313.7506x06853,2024-10-24,True
BEN-0002,Leslie Rose,OFF-009,Scholarship,Daniel Joyce,"3244 Wilson Parks, Thompsonfurt, ND 92732",988.351.6060,2024-09-30,True
BEN-0056,Heather Stephens,OFF-005,Plus,Dr. Jonathan Price,"304 Lindsey Mountains Suite 932, East Dianeview, ND 97108",7397652239,2024-06-11,True
BEN-0158,Audrey Anderson,OFF-014,Scholarship,Gregory Vazquez,"852 Johnson Via Apt. 322, West David, DC 10803",249.854.5089x2038,2024-12-09,True
BEN-0034,Valerie Brown,OFF-009,Tech,Ryan Peterson,"0477 Michael Lane Suite 296, Port Christinebury, VT 10135",342-262-6551,2024-09-28,True
BEN-0082,Mary Rivera,OFF-014,Vocational,Travis Montgomery,"57399 Susan Springs, Patrickville, MS 34132",249.854.5089x2038,2024-12-05,True
BEN-0117,Kim Lopez,OFF-005,Vocational,Judith House,"457 Garner Brook, Gabriellestad, SC 40127",584.404.6084,2024-10-11,True
BEN-0064,Alicia Roth,OFF-001,Tech,Douglas Vasquez,"24754 Jacobs Corners, South Jason, GU 53869",001-278-450-8214x8628,2024-08-14,True
BEN-0047,Brenda Martinez,OFF-008,Scholarship,Heather Jordan,"1389 Maxwell Spurs, Port Melanieport, IL 68363",+1-383-264-0376x137,2024-10-19,True
BEN-0075,Melissa Montgomery,OFF-012,Scholarship,Nicholas Olson,"89002 Christian Ways Apt. 175, West Tara, AR 66945",986.363.1779,2024-12-11,True
BEN-0157,Linda Jackson,OFF-012,Plus,Eugene Kirk,"518 Morrow Bridge Apt. 845, Jenkinsburgh, CT 29058",(383)838-9888,2024-11-26,True
BEN-0200,Sheryl Harvey,OFF-011,Vocational,Timothy Logan,"311 Brooke Cliff Apt. 928, Michaelfort, VA 81877",623.420.0249x685,28/07/2024,True
BEN-0011,Andrew Gonzalez,OFF-001,Plus,Timothy Robertson,"Unit 8740 Box 3450, DPO AP 44007",615-366-7652x775,2024-11-12,True
BEN-0194,Ryan Mason,OFF-012,Plus,Brenda Fernandez,"687 Aaron Mountain, Deniseburgh, AL 08388",349.646.5398x4028,2024-07-05,True
BEN-0074,James Rivers,OFF-010,Scholarship,James Jefferson,"20216 Pham Springs, Whitefurt, WI 47503",+1-202-577-1670x145,2024-10-10,True
BEN-0172,Patricia Banks,OFF-012,Plus,Kirk Jenkins,"USCGC Mendoza, FPO AP 18000",529-254-3165x266,2024-06-09,True
BEN-0160,Sarah Wells,OFF-014,Plus,Cathy Nunez,"6383 Rodriguez Island Apt. 718, South Kathryn, VT 38285",249.854.5089x2038,2024-12-15,True
BEN-0081,Christopher Palmer,OFF-005,Plus,Jeffrey Hawkins,"57202 Carlson Trail Suite 798, Charlesmouth, NC 29331",(381)782-6886,2024-08-25,True
BEN-0154,Christie Fox,OFF-005,Plus,Pamela Gonzalez,"186 Tracy Rapids Apt. 562, Woodstad, AL 37810",(854)878-1376x742,2024-07-25,True
BEN-0093,Ralph Kent,OFF-013,Tech,Kyle Stephens,"098 April Lane, Lake Linda, MT 47984",249.854.5089x2038,2024-12-12,True
BEN-0168,David Lara,OFF-013,Scholarship,Casey Phelps,"USCGC Casey, FPO AE 11501",249.854.5089x2038,2024-12-09,True
BEN-0088,Jonathan Davis,OFF-002,Scholarship,Adam Allen,"USNS Todd, FPO AE 58988",(929)592-7503,2024-06-25,True
BEN-0098,Blake Sosa,OFF-015,Vocational,Aaron Vincent DVM,"579 Henry Track Suite 639, North Alicia, NE 63195",+1-908-756-2718,2024-06-04,True
BEN-0041,Leslie Powers,OFF-007,Plus,David Wilson,"669 Bailey Manors, South Cynthia, UT 85076",(282)774-2257,2024-06-04,True
BEN-0067,Karen Rogers,OFF-015,Scholarship,Frederick Hill,"28309 Guerrero Springs Apt. 074, Rebeccafurt, MS 97065",6994353875,2024-08-10,True
BEN-0009,Fernando Garcia,OFF-005,Plus,Gabriela Thomas,"277 Rebecca Brook Suite 328, Rodriguezport, IA 39973",203-569-7117,2024-07-26,True
BEN-0068,John Figueroa,OFF-006,Tech,Kristin Gaines,"USNV Pena, FPO AE 47068",346.955.4947,2024-06-21,True
BEN-0190,Kenneth Williams,OFF-004,Plus,Jacob Ritter,"22960 Small Forge Apt. 701, Carloston, MT 63569",001-449-975-6792,2024-11-22,True
BEN-0185,Mark Pitts,OFF-013,Tech,Brooke Carter,"125 Fuentes Crossing Apt. 760, Port Lisa, MA 38086",249.854.5089x2038,2024-12-11,True
BEN-0177,Kristine Alvarado,OFF-002,Scholarship,Zachary Smith,"1371 Johnson Springs, South Nathanielville, MP 42907",(701)277-7490,2024-11-23,True
BEN-0118,Mary Miller,OFF-006,Scholarship,Tyler Salazar,"3926 Browning Isle, Danielsborough, SD 18664",001-483-724-8262,2024-06-27,True
BEN-0088,Jonathan Davis,OFF-002,Scholarship,Adam Allen,"USNS Todd, FPO AE 58988",(929)592-7503,2024-06-25,True
BEN-0005,Sean Wyatt,OFF-004,Scholarship,Katie Ford,"9359 Mason Circle, Garciamouth, VT 11554",820.737.7889x25546,2024-06-21,True
BEN-0132,Eddie Gilbert,OFF-009,Scholarship,Daniel Rich,"5190 Abbott Walk Suite 058, North Jacquelinestad, DE 37490",8365965666,2024-08-07,True
BEN-0182,Steven Rodgers,OFF-004,Plus,John Smith,"49605 Curtis Vista, Pettyfort, WA 76347",+1-284-207-6789x973,2024-11-11,True
BEN-0150,George Fernandez,OFF-010,Vocational,Nancy Goodwin,"355 Gordon Manors, Brianstad, MI 59799",988.317.8847x9513,2024-07-02,True
BEN-0085,Stephen Sanford,OFF-012,Scholarship,Maria Bernard,"00996 Kevin Summit, Jasonhaven, FL 21597",(939)343-1290,21/09/2024,True
BEN-0124,Samantha Chang,OFF-012,Scholarship,Ana Ruiz,"8683 Cheryl Coves Apt. 794, Lynchmouth, KS 69365",001-995-429-9787,2024-08-30,True
BEN-0127,Jacqueline Gallegos,OFF-012,Vocational,Joseph Thompson,"17807 James Orchard, Kimberlyberg, WI 13379",923.207.6810x40915,2024-07-11,True
BEN-0112,Dawn Nixon,OFF-007,Scholarship,James Barber,"Unit 9082 Box 4043, DPO AE 41776",2489889921,2024-10-17,True
BEN-0060,Matthew Lawson,OFF-012,Plus,Anthony Rivera,"Unit 6884 Box 4431, DPO AE 51999",001-687-920-5061,2024-08-17,True
BEN-0033,Mr. Richard Knight PhD,OFF-001,Plus,Joseph Williams,"0148 Harry Vista Suite 039, Port Lori, GU 52706",842-493-9685,2024-07-01,True
BEN-0078,Matthew Obrien,OFF-015,Plus,Stanley Barnes,"6547 Devon Rapids, Meganside, VI 41645",001-783-333-9452x288,15/10/2024,True
BEN-0097,James Kramer,OFF-010,Scholarship,Michael Mcbride,"804 Justin Locks Suite 182, Edwardsborough, MH 75698",723-473-3343x333,2024-07-12,True
BEN-0145,Cory Hogan,OFF-001,Vocational,Tracy Wells,"54364 Jensen Trace, Williamston, ND 23554",(707)881-1379,2024-08-17,True
BEN-0091,Kenneth Brown,OFF-003,Tech,Christopher Mullen,"413 Obrien Mountains, Jacksonchester, PA 19206",001-329-584-2579,2024-10-25,True
BEN-0037,Richard Diaz,OFF-007,Plus,Christina Osborn,"737 Guerra Cliff, Chambersberg, SC 40193",842.866.1797,2024-12-29,True
BEN-0036,Jeffrey Fisher,OFF-012,Plus,Mr. David Wright,"1240 Cook River, Brockmouth, NV 44375",(592)745-9375x26547,2024-10-25,True
BEN-0096,Jennifer Gonzalez,OFF-005,Plus,Michael Calhoun,"4393 Spears Ports Apt. 426, New Charlesport, MA 15837",248.994.7697x35779,2024-07-16,True
BEN-0020,Mark Harvey,OFF-002,Plus,Brittany Becker,"07562 Vaughn Loop, Salaston, VT 18599",638.957.8652x78585,,True
BEN-0092,Brian Harris,OFF-008,Scholarship,Kathy Barnes,"79908 Christopher Shoals, New Amber, AL 89441",+1-368-865-0863x7659,2024-07-22,True
BEN-0113,Derek Preston,OFF-007,Scholarship,David Evans,"157 Tracy Spurs, New Dawnton, VA 76035",(610)255-6613x9060,2024-10-03,True
BEN-0193,Francisco Gutierrez,OFF-010,Tech,James Carey,"99378 Avery Grove, West Stevenchester, CA 63962",4636048913,2024-11-05,True
BEN-0184,Jason Chaney,OFF-003,Tech,Daniel Williams,"2280 Matthew Crescent Apt. 183, Scottmouth, WY 47063",001-308-242-8910x77119,2024-12-15,True
BEN-0058,William Oconnor,OFF-015,Plus,Mark Freeman,"92644 Gregory Alley Suite 902, Samanthabury, SC 74628",372-751-3552,2024-11-21,True
BEN-0044,Tiffany Robertson,OFF-012,Scholarship,Robin Taylor,"42232 Poole Trace Suite 729, Courtneyfurt, NV 10399",+1-716-384-5775x9017,2024-12-25,True
BEN-0196,Robert Carey,OFF-004,Vocational,Christopher Tate,"75370 Julia Trace, Erinstad, ID 12293",+1-543-837-5047x930,2024-07-14,True
BEN-0188,Victoria Rodriguez,OFF-005,Scholarship,Jake Sims,"174 Shawn Freeway, West Kevin, TN 94198",001-526-783-1589,2024-11-24,True
BEN-0038,Warren Miles,OFF-012,Plus,Linda Rocha,"529 Anna Rue, Rasmussenmouth, WY 56921",501-943-8889,2024-10-24,True
BEN-0027,David Murray,OFF-004,Plus,Colin Golden,"690 Jamie Courts, South Carlaton, IA 97565",6675383028,2024-10-02,True
BEN-0004,Christopher Hernandez,OFF-001,Plus,Angela Bean,"979 Lin Road Suite 271, Ramosport, WY 36503",001-205-781-4770,2024-09-20,True
BEN-0131,Daniel Benson,OFF-004,Tech,William Bradley,"19719 Nguyen Court, Thompsonfurt, CA 78916",296-457-0132,2024-07-28,True
BEN-0169,Bryan Roman,OFF-008,Vocational,Kevin Price,"3212 Tara Mill, Kingshire, AR 64773",+1-451-758-6734,2024-12-02,True
BEN-0057,Heather Bradley,OFF-012,Tech,Travis Copeland,"427 Christopher Fort Apt. 087, West Samanthaborough, AS 17604",325-700-2921x85156,2024-09-26,True
BEN-0086,Danielle Gonzalez,OFF-004,Plus,Tiffany Howard,"49135 Hayes Ridges, Heatherberg, OK 74800",(756)920-5336x452,2024-11-27,True
BEN-0042,Mr. James Hoffman,OFF-004,Vocational,Jennifer Vasquez,"2190 Kelly Harbor Apt. 842, Cunninghamfort, OH 67453",591-848-5807,10/07/2024,True
BEN-0100,Nancy Kennedy,OFF-001,Plus,Javier Taylor,"PSC 8857, Box 4489, APO AE 52720",620-734-7175,2024-10-18,True
BEN-0178,Nicholas Navarro,OFF-005,Plus,Laura Lewis,"0189 Davis Glens Apt. 361, Port Jaredfurt, WI 53243",521-947-6492x5158,2024-11-20,True
BEN-0142,Ricky Schneider,OFF-007,Tech,Dr. Robert Levy Jr.,"061 Lindsay Shores Suite 829, North Benjamin, FL 64581",+1-407-390-3202x0417,2024-07-12,True
BEN-0079,Lauren Bender,OFF-002,Plus,Megan English,"81062 Ellen Flats Suite 244, Port Bryan, WY 39185",880.557.1983,2024-12-16,True
BEN-0054,Richard Walker,OFF-003,Vocational,James Parks,"USS Aguilar, FPO AA 10329",9132721510,2024-08-05,True
BEN-0090,Haley Sparks,OFF-001,Vocational,Adriana Macias,"84322 Michael Stravenue, Lake Jerrymouth, VA 15356",477.439.2603x0299,2024-12-17,True
BEN-0135,Julie Hunt,OFF-007,Vocational,Nicholas Fisher,"USNV Roberts, FPO AE 91602",+1-249-640-7929x049,2024-12-06,True
BEN-0119,Tiffany Wilson,OFF-010,Scholarship,Shawn Acosta,"4742 Daniel Ferry Apt. 994, New Jesse, TX 03919",(417)428-9752x677,2024-08-15,True
BEN-0059,Daniel Steele,OFF-013,Vocational,Richard Le,"626 Macias Keys Suite 179, East Shannon, AS 04880",249.854.5089x2038,2024-12-05,True
